ISO-10303-21;
HEADER;
FILE_DESCRIPTION(('STEP AP203'),
    '1');
FILE_NAME('Корпус нижняя часть',
    '',
    ('UNSPECIFIED'),
    ('UNSPECIFIED'),
    'C3D Converter',
    'C3D Toolkit',
    '');
FILE_SCHEMA(('CONFIG_CONTROL_DESIGN'));
ENDSEC;

DATA;
#1=PRODUCT_DEFINITION('','UNSPECIFIED',#28,#31);
#2=SHAPE_DEFINITION_REPRESENTATION(#26,#3);
#3=SHAPE_REPRESENTATION('NONE',(#4),#8);
#4=AXIS2_PLACEMENT_3D('',#5,#6,#7);
#5=CARTESIAN_POINT('',(0.,0.,0.));
#6=DIRECTION('',(0.,0.,1.));
#7=DIRECTION('',(1.,0.,0.));
#8=(GEOMETRIC_REPRESENTATION_CONTEXT(3)GLOBAL_UNCERTAINTY_ASSIGNED_CONTEXT((#10))
GLOBAL_UNIT_ASSIGNED_CONTEXT((#9,#11,#12))REPRESENTATION_CONTEXT('NONE','NONE'));
#9=(LENGTH_UNIT()NAMED_UNIT(*)SI_UNIT(.MILLI.,.METRE.));
#10=UNCERTAINTY_MEASURE_WITH_UNIT(LENGTH_MEASURE(1.E-5),#9,'NONE','NONE');
#11=(NAMED_UNIT(*)PLANE_ANGLE_UNIT()SI_UNIT($,.RADIAN.));
#12=(NAMED_UNIT(*)SI_UNIT($,.STERADIAN.)SOLID_ANGLE_UNIT());
#13=MANIFOLD_SOLID_BREP('',#14);
#14=CLOSED_SHELL('',(#53,#54,#55,#56,#57,#58,#59,#60,#61,#62,#63,#64,#65,#66,#67,
#68,#69,#70,#71,#72,#73,#74,#75,#76,#77,#78,#79,#80,#81,#82,#83,#84,#85,#86,#87,
#88,#89,#90,#91,#92,#93,#94,#95,#96,#97,#98,#99,#100,#101,#102,#103,#104,#105,#106,
#107,#108,#109,#110,#111,#112,#113,#114,#115,#116,#117,#118,#119,#120,#121,#122,
#123,#124,#125,#126,#127,#128,#129,#130,#131,#132,#133,#134,#135,#136,#137,#138,
#139,#140,#141,#142,#143,#144,#145,#146,#147,#148,#149,#150,#151,#152,#153));
#15=COLOUR_RGB('',0.564705882352941,0.564705882352941,0.564705882352941);
#16=FILL_AREA_STYLE_COLOUR('',#15);
#17=FILL_AREA_STYLE($,(#16));
#18=SURFACE_STYLE_FILL_AREA(#17);
#19=SURFACE_SIDE_STYLE('',(#18));
#20=SURFACE_STYLE_USAGE(.BOTH.,#19);
#21=PRESENTATION_STYLE_ASSIGNMENT((#20));
#22=MECHANICAL_DESIGN_GEOMETRIC_PRESENTATION_REPRESENTATION('NONE',(#23),#8);
#23=STYLED_ITEM('',(#21),#13);
#24=ADVANCED_BREP_SHAPE_REPRESENTATION('NONE',(#13),#8);
#25=SHAPE_REPRESENTATION_RELATIONSHIP('','',#3,#24);
#26=PRODUCT_DEFINITION_SHAPE('NONE','NONE',#1);
#27=MECHANICAL_CONTEXT('NONE',#32,'mechanical');
#28=PRODUCT_DEFINITION_FORMATION_WITH_SPECIFIED_SOURCE('ANY','UNSPECIFIED',#29,.NOT_KNOWN.);
#29=PRODUCT('','\X2\0414043504420430043B044C\X0\','NONE',(#27));
#30=PRODUCT_RELATED_PRODUCT_CATEGORY('detail','',(#29));
#31=DESIGN_CONTEXT('detailed design',#32,'design');
#32=APPLICATION_CONTEXT('configuration controlled 3d designs of mechanical parts and assemblies');
#33=APPLICATION_PROTOCOL_DEFINITION('international standard','config_control_design',
1994,#32);
#34=CC_DESIGN_DATE_AND_TIME_ASSIGNMENT(#35,#39,(#1));
#35=DATE_AND_TIME(#36,#37);
#36=CALENDAR_DATE(0,1,1);
#37=LOCAL_TIME(0,0,0.,#38);
#38=COORDINATED_UNIVERSAL_TIME_OFFSET(0,0,.AHEAD.);
#39=DATE_TIME_ROLE('creation_date');
#40=CC_DESIGN_APPROVAL(#41,(#1));
#41=APPROVAL(#42,'UNSPECIFIED');
#42=APPROVAL_STATUS('not_yet_approved');
#43=APPROVAL_DATE_TIME(#44,#41);
#44=DATE_AND_TIME(#45,#46);
#45=CALENDAR_DATE(0,1,1);
#46=LOCAL_TIME(0,0,0.,#47);
#47=COORDINATED_UNIVERSAL_TIME_OFFSET(0,0,.AHEAD.);
#48=PERSON('UNSPECIFIED','grigo','UNSPECIFIED',('UNSPECIFIED'),('UNSPECIFIED'),(
'UNSPECIFIED'));
#49=ORGANIZATION('UNSPECIFIED','UNSPECIFIED','UNSPECIFIED');
#50=PERSON_AND_ORGANIZATION(#48,#49);
#51=PERSON_AND_ORGANIZATION_ROLE('creator');
#52=CC_DESIGN_PERSON_AND_ORGANIZATION_ASSIGNMENT(#50,#51,(#28,#1));
#53=ADVANCED_FACE('',(#154),#156,.F.);
#54=ADVANCED_FACE('',(#161),#163,.F.);
#55=ADVANCED_FACE('',(#168),#170,.F.);
#56=ADVANCED_FACE('',(#175),#177,.F.);
#57=ADVANCED_FACE('',(#182),#184,.F.);
#58=ADVANCED_FACE('',(#189),#191,.F.);
#59=ADVANCED_FACE('',(#196,#198),#200,.T.);
#60=ADVANCED_FACE('',(#205),#207,.F.);
#61=ADVANCED_FACE('',(#212,#214),#216,.F.);
#62=ADVANCED_FACE('',(#221,#223),#225,.F.);
#63=ADVANCED_FACE('',(#230,#232),#234,.F.);
#64=ADVANCED_FACE('',(#239,#241),#243,.F.);
#65=ADVANCED_FACE('',(#248),#250,.T.);
#66=ADVANCED_FACE('',(#255),#257,.F.);
#67=ADVANCED_FACE('',(#262,#264,#266,#268,#270,#272,#274,#276,#278),#280,.T.);
#68=ADVANCED_FACE('',(#285),#287,.F.);
#69=ADVANCED_FACE('',(#292),#294,.F.);
#70=ADVANCED_FACE('',(#299),#301,.F.);
#71=ADVANCED_FACE('',(#306),#308,.T.);
#72=ADVANCED_FACE('',(#313),#315,.F.);
#73=ADVANCED_FACE('',(#320),#322,.F.);
#74=ADVANCED_FACE('',(#327),#329,.F.);
#75=ADVANCED_FACE('',(#334),#336,.F.);
#76=ADVANCED_FACE('',(#341),#343,.T.);
#77=ADVANCED_FACE('',(#348),#350,.F.);
#78=ADVANCED_FACE('',(#355),#357,.F.);
#79=ADVANCED_FACE('',(#362),#364,.F.);
#80=ADVANCED_FACE('',(#369),#371,.F.);
#81=ADVANCED_FACE('',(#376),#378,.T.);
#82=ADVANCED_FACE('',(#383),#385,.F.);
#83=ADVANCED_FACE('',(#390),#392,.T.);
#84=ADVANCED_FACE('',(#397),#399,.T.);
#85=ADVANCED_FACE('',(#404),#406,.F.);
#86=ADVANCED_FACE('',(#411),#413,.F.);
#87=ADVANCED_FACE('',(#418),#420,.F.);
#88=ADVANCED_FACE('',(#425),#427,.F.);
#89=ADVANCED_FACE('',(#432),#434,.T.);
#90=ADVANCED_FACE('',(#439,#441),#443,.F.);
#91=ADVANCED_FACE('',(#448),#450,.F.);
#92=ADVANCED_FACE('',(#455,#457),#459,.F.);
#93=ADVANCED_FACE('',(#464),#466,.T.);
#94=ADVANCED_FACE('',(#471),#473,.T.);
#95=ADVANCED_FACE('',(#478),#480,.T.);
#96=ADVANCED_FACE('',(#485),#487,.T.);
#97=ADVANCED_FACE('',(#492),#494,.T.);
#98=ADVANCED_FACE('',(#499),#501,.F.);
#99=ADVANCED_FACE('',(#506),#508,.F.);
#100=ADVANCED_FACE('',(#513),#515,.F.);
#101=ADVANCED_FACE('',(#520),#522,.F.);
#102=ADVANCED_FACE('',(#527),#529,.F.);
#103=ADVANCED_FACE('',(#534),#536,.F.);
#104=ADVANCED_FACE('',(#541),#543,.F.);
#105=ADVANCED_FACE('',(#548),#550,.F.);
#106=ADVANCED_FACE('',(#555),#557,.F.);
#107=ADVANCED_FACE('',(#562),#564,.F.);
#108=ADVANCED_FACE('',(#569),#571,.F.);
#109=ADVANCED_FACE('',(#576),#578,.F.);
#110=ADVANCED_FACE('',(#583),#585,.F.);
#111=ADVANCED_FACE('',(#590),#592,.F.);
#112=ADVANCED_FACE('',(#597),#599,.F.);
#113=ADVANCED_FACE('',(#604),#606,.F.);
#114=ADVANCED_FACE('',(#611),#613,.F.);
#115=ADVANCED_FACE('',(#618),#620,.F.);
#116=ADVANCED_FACE('',(#625),#627,.F.);
#117=ADVANCED_FACE('',(#632),#634,.F.);
#118=ADVANCED_FACE('',(#639),#641,.F.);
#119=ADVANCED_FACE('',(#646),#648,.F.);
#120=ADVANCED_FACE('',(#653),#655,.F.);
#121=ADVANCED_FACE('',(#660),#662,.F.);
#122=ADVANCED_FACE('',(#667),#669,.F.);
#123=ADVANCED_FACE('',(#674),#676,.F.);
#124=ADVANCED_FACE('',(#681),#683,.F.);
#125=ADVANCED_FACE('',(#688),#690,.F.);
#126=ADVANCED_FACE('',(#695),#697,.F.);
#127=ADVANCED_FACE('',(#702),#704,.F.);
#128=ADVANCED_FACE('',(#709),#711,.F.);
#129=ADVANCED_FACE('',(#716),#718,.F.);
#130=ADVANCED_FACE('',(#723),#725,.F.);
#131=ADVANCED_FACE('',(#730),#732,.F.);
#132=ADVANCED_FACE('',(#737),#739,.F.);
#133=ADVANCED_FACE('',(#744),#746,.F.);
#134=ADVANCED_FACE('',(#751),#753,.F.);
#135=ADVANCED_FACE('',(#758),#760,.F.);
#136=ADVANCED_FACE('',(#765),#767,.F.);
#137=ADVANCED_FACE('',(#772),#774,.F.);
#138=ADVANCED_FACE('',(#779),#781,.T.);
#139=ADVANCED_FACE('',(#786,#788),#790,.T.);
#140=ADVANCED_FACE('',(#795),#797,.T.);
#141=ADVANCED_FACE('',(#802,#804),#806,.F.);
#142=ADVANCED_FACE('',(#811,#813),#815,.F.);
#143=ADVANCED_FACE('',(#820),#822,.T.);
#144=ADVANCED_FACE('',(#827,#829),#831,.F.);
#145=ADVANCED_FACE('',(#836),#838,.T.);
#146=ADVANCED_FACE('',(#843,#845),#847,.F.);
#147=ADVANCED_FACE('',(#852),#854,.T.);
#148=ADVANCED_FACE('',(#859,#861),#863,.F.);
#149=ADVANCED_FACE('',(#868),#870,.T.);
#150=ADVANCED_FACE('',(#875,#877),#879,.F.);
#151=ADVANCED_FACE('',(#884,#886),#888,.F.);
#152=ADVANCED_FACE('',(#893),#895,.T.);
#153=ADVANCED_FACE('',(#900),#902,.F.);
#154=FACE_BOUND('',#155,.T.);
#155=EDGE_LOOP('',(#907,#908,#909,#910,#911,#912));
#156=PLANE('',#157);
#157=AXIS2_PLACEMENT_3D('',#158,#159,#160);
#158=CARTESIAN_POINT('',(-55.,10.,-85.0000000000134));
#159=DIRECTION('',(-1.,-2.73691106313441E-48,2.66453525909993E-16));
#160=DIRECTION('',(2.66453525909993E-16,-6.66133814774983E-17,1.));
#161=FACE_BOUND('',#162,.T.);
#162=EDGE_LOOP('',(#913,#914,#915,#916,#917,#918));
#163=PLANE('',#164);
#164=AXIS2_PLACEMENT_3D('',#165,#166,#167);
#165=CARTESIAN_POINT('',(-5.,10.,-5.00000000000002));
#166=DIRECTION('',(1.,-7.42152035832802E-33,1.22124532708747E-16));
#167=DIRECTION('',(1.22124532708747E-16,6.66133814774983E-17,-1.));
#168=FACE_BOUND('',#169,.T.);
#169=EDGE_LOOP('',(#919,#920,#921,#922,#923,#924));
#170=PLANE('',#171);
#171=AXIS2_PLACEMENT_3D('',#172,#173,#174);
#172=CARTESIAN_POINT('',(65.,10.,-85.0000000000133));
#173=DIRECTION('',(-1.,-1.3684555315672E-48,-1.77635683939995E-16));
#174=DIRECTION('',(-1.77635683939995E-16,-6.66133814774983E-17,1.));
#175=FACE_BOUND('',#176,.T.);
#176=EDGE_LOOP('',(#925,#926,#927,#928,#929,#930));
#177=PLANE('',#178);
#178=AXIS2_PLACEMENT_3D('',#179,#180,#181);
#179=CARTESIAN_POINT('',(115.,10.,-5.));
#180=DIRECTION('',(1.,-1.07949387030226E-32,1.77635683939995E-16));
#181=DIRECTION('',(1.77635683939995E-16,6.66133814774983E-17,-1.));
#182=FACE_BOUND('',#183,.T.);
#183=EDGE_LOOP('',(#931,#932,#933,#934,#935,#936));
#184=PLANE('',#185);
#185=AXIS2_PLACEMENT_3D('',#186,#187,#188);
#186=CARTESIAN_POINT('',(5.00000000000001,10.,-85.0000000000134));
#187=DIRECTION('',(-1.,-1.74379779048826E-32,2.33146835171244E-16));
#188=DIRECTION('',(2.33146835171244E-16,-6.66133814774983E-17,1.));
#189=FACE_BOUND('',#190,.T.);
#190=EDGE_LOOP('',(#937,#938,#939,#940,#941,#942));
#191=PLANE('',#192);
#192=AXIS2_PLACEMENT_3D('',#193,#194,#195);
#193=CARTESIAN_POINT('',(55.,10.,-5.00000000000001));
#194=DIRECTION('',(1.,-5.39746935151129E-33,8.88178419699977E-17));
#195=DIRECTION('',(8.88178419699977E-17,6.66133814774983E-17,-1.));
#196=FACE_BOUND('',#197,.T.);
#197=EDGE_LOOP('',(#943,#944,#945,#946));
#198=FACE_BOUND('',#199,.T.);
#199=EDGE_LOOP('',(#947));
#200=PLANE('',#201);
#201=AXIS2_PLACEMENT_3D('',#202,#203,#204);
#202=CARTESIAN_POINT('',(130.,-6.12323399573677E-15,100.));
#203=DIRECTION('',(1.,0.,0.));
#204=DIRECTION('',(0.,6.12323399573677E-17,-1.));
#205=FACE_BOUND('',#206,.T.);
#206=EDGE_LOOP('',(#948,#949,#950,#951,#952,#953));
#207=PLANE('',#208);
#208=AXIS2_PLACEMENT_3D('',#209,#210,#211);
#209=CARTESIAN_POINT('',(-65.,10.,-5.00000000000003));
#210=DIRECTION('',(1.,-1.07949387030226E-32,1.77635683939995E-16));
#211=DIRECTION('',(1.77635683939995E-16,6.66133814774983E-17,-1.));
#212=FACE_OUTER_BOUND('',#213,.T.);
#213=EDGE_LOOP('',(#954));
#214=FACE_OUTER_BOUND('',#215,.T.);
#215=EDGE_LOOP('',(#955));
#216=CYLINDRICAL_SURFACE('',#217,5.);
#217=AXIS2_PLACEMENT_3D('',#218,#219,#220);
#218=CARTESIAN_POINT('',(177.,15.,-44.9999999999933));
#219=DIRECTION('',(-1.,1.07949387030226E-32,-1.77635683939995E-16));
#220=DIRECTION('',(2.63394648142806E-31,-1.,-1.54355015143494E-15));
#221=FACE_OUTER_BOUND('',#222,.T.);
#222=EDGE_LOOP('',(#956));
#223=FACE_OUTER_BOUND('',#224,.T.);
#224=EDGE_LOOP('',(#957));
#225=CYLINDRICAL_SURFACE('',#226,5.);
#226=AXIS2_PLACEMENT_3D('',#227,#228,#229);
#227=CARTESIAN_POINT('',(177.,15.,-44.9999999999933));
#228=DIRECTION('',(-1.,1.07949387030226E-32,-1.77635683939995E-16));
#229=DIRECTION('',(2.63394648142806E-31,-1.,-1.54355015143494E-15));
#230=FACE_OUTER_BOUND('',#231,.T.);
#231=EDGE_LOOP('',(#958));
#232=FACE_OUTER_BOUND('',#233,.T.);
#233=EDGE_LOOP('',(#959));
#234=CYLINDRICAL_SURFACE('',#235,5.);
#235=AXIS2_PLACEMENT_3D('',#236,#237,#238);
#236=CARTESIAN_POINT('',(177.,15.,-44.9999999999933));
#237=DIRECTION('',(-1.,1.07949387030226E-32,-1.77635683939995E-16));
#238=DIRECTION('',(2.63394648142806E-31,-1.,-1.54355015143494E-15));
#239=FACE_OUTER_BOUND('',#240,.T.);
#240=EDGE_LOOP('',(#960));
#241=FACE_OUTER_BOUND('',#242,.T.);
#242=EDGE_LOOP('',(#961));
#243=CYLINDRICAL_SURFACE('',#244,5.);
#244=AXIS2_PLACEMENT_3D('',#245,#246,#247);
#245=CARTESIAN_POINT('',(177.,15.,-44.9999999999933));
#246=DIRECTION('',(-1.,1.07949387030226E-32,-1.77635683939995E-16));
#247=DIRECTION('',(2.63394648142806E-31,-1.,-1.54355015143494E-15));
#248=FACE_BOUND('',#249,.T.);
#249=EDGE_LOOP('',(#962,#963,#964,#965,#966,#967,#968,#969,#970,#971));
#250=PLANE('',#251);
#251=AXIS2_PLACEMENT_3D('',#252,#253,#254);
#252=CARTESIAN_POINT('',(8.75811540203011E-47,10.,6.12323399573677E-16));
#253=DIRECTION('',(0.,1.,6.12323399573677E-17));
#254=DIRECTION('',(-1.,7.49879891330929E-33,-1.22464679914735E-16));
#255=FACE_BOUND('',#256,.T.);
#256=EDGE_LOOP('',(#972,#973,#974,#975));
#257=CYLINDRICAL_SURFACE('',#258,8.);
#258=AXIS2_PLACEMENT_3D('',#259,#260,#261);
#259=CARTESIAN_POINT('',(-47.,-22.,-77.0000000000134));
#260=DIRECTION('',(0.,-1.,-5.59482469102441E-17));
#261=DIRECTION('',(-1.,0.,0.));
#262=FACE_BOUND('',#263,.T.);
#263=EDGE_LOOP('',(#976,#977,#978,#979,#980,#981,#982,#983,#984,#985,#986,#987));
#264=FACE_BOUND('',#265,.T.);
#265=EDGE_LOOP('',(#988,#989,#990,#991,#992,#993,#994,#995));
#266=FACE_BOUND('',#267,.T.);
#267=EDGE_LOOP('',(#996,#997,#998,#999,#1000,#1001,#1002,#1003));
#268=FACE_BOUND('',#269,.T.);
#269=EDGE_LOOP('',(#1004,#1005,#1006,#1007,#1008,#1009,#1010,#1011));
#270=FACE_BOUND('',#271,.T.);
#271=EDGE_LOOP('',(#1012,#1013,#1014,#1015,#1016,#1017,#1018,#1019));
#272=FACE_BOUND('',#273,.T.);
#273=EDGE_LOOP('',(#1020,#1021,#1022,#1023,#1024,#1025,#1026,#1027));
#274=FACE_BOUND('',#275,.T.);
#275=EDGE_LOOP('',(#1028,#1029,#1030,#1031,#1032,#1033,#1034,#1035));
#276=FACE_BOUND('',#277,.T.);
#277=EDGE_LOOP('',(#1036,#1037,#1038,#1039,#1040,#1041,#1042,#1043));
#278=FACE_BOUND('',#279,.T.);
#279=EDGE_LOOP('',(#1044,#1045,#1046,#1047,#1048,#1049,#1050,#1051));
#280=PLANE('',#281);
#281=AXIS2_PLACEMENT_3D('',#282,#283,#284);
#282=CARTESIAN_POINT('',(0.,200.,1.22464679914735E-14));
#283=DIRECTION('',(0.,1.,6.12323399573677E-17));
#284=DIRECTION('',(6.12323399573677E-17,6.12323399573677E-17,-1.));
#285=FACE_BOUND('',#286,.T.);
#286=EDGE_LOOP('',(#1052,#1053,#1054,#1055));
#287=CYLINDRICAL_SURFACE('',#288,8.);
#288=AXIS2_PLACEMENT_3D('',#289,#290,#291);
#289=CARTESIAN_POINT('',(-47.,-22.,-13.));
#290=DIRECTION('',(0.,-1.,-5.59482469102441E-17));
#291=DIRECTION('',(0.,-5.59482469102441E-17,1.));
#292=FACE_BOUND('',#293,.T.);
#293=EDGE_LOOP('',(#1056,#1057,#1058,#1059));
#294=CYLINDRICAL_SURFACE('',#295,8.);
#295=AXIS2_PLACEMENT_3D('',#296,#297,#298);
#296=CARTESIAN_POINT('',(-13.,-22.,-13.));
#297=DIRECTION('',(-1.3987061727561E-17,-1.,-5.59482469102441E-17));
#298=DIRECTION('',(1.,-1.3987061727561E-17,-7.8255158308241E-34));
#299=FACE_BOUND('',#300,.T.);
#300=EDGE_LOOP('',(#1060,#1061,#1062,#1063));
#301=CYLINDRICAL_SURFACE('',#302,8.);
#302=AXIS2_PLACEMENT_3D('',#303,#304,#305);
#303=CARTESIAN_POINT('',(-13.,-22.,-77.0000000000134));
#304=DIRECTION('',(0.,-1.,-5.59482469102441E-17));
#305=DIRECTION('',(0.,5.59482469102441E-17,-1.));
#306=FACE_BOUND('',#307,.T.);
#307=EDGE_LOOP('',(#1064,#1065,#1066,#1067,#1068,#1069,#1070,#1071,#1072,#1073));
#308=PLANE('',#309);
#309=AXIS2_PLACEMENT_3D('',#310,#311,#312);
#310=CARTESIAN_POINT('',(8.75811540203011E-47,10.,6.12323399573677E-16));
#311=DIRECTION('',(0.,1.,6.12323399573677E-17));
#312=DIRECTION('',(-1.,7.49879891330929E-33,-1.22464679914735E-16));
#313=FACE_BOUND('',#314,.T.);
#314=EDGE_LOOP('',(#1074,#1075,#1076,#1077));
#315=CYLINDRICAL_SURFACE('',#316,8.);
#316=AXIS2_PLACEMENT_3D('',#317,#318,#319);
#317=CARTESIAN_POINT('',(73.,-22.,-77.0000000000133));
#318=DIRECTION('',(0.,-1.,-5.59482469102441E-17));
#319=DIRECTION('',(-1.,0.,0.));
#320=FACE_BOUND('',#321,.T.);
#321=EDGE_LOOP('',(#1078,#1079,#1080,#1081));
#322=CYLINDRICAL_SURFACE('',#323,8.);
#323=AXIS2_PLACEMENT_3D('',#324,#325,#326);
#324=CARTESIAN_POINT('',(73.,-22.,-13.));
#325=DIRECTION('',(0.,-1.,-6.99353086378051E-17));
#326=DIRECTION('',(0.,-6.99353086378051E-17,1.));
#327=FACE_BOUND('',#328,.T.);
#328=EDGE_LOOP('',(#1082,#1083,#1084,#1085));
#329=CYLINDRICAL_SURFACE('',#330,8.);
#330=AXIS2_PLACEMENT_3D('',#331,#332,#333);
#331=CARTESIAN_POINT('',(107.,-22.,-13.));
#332=DIRECTION('',(0.,-1.,-5.59482469102441E-17));
#333=DIRECTION('',(1.,-2.48460127628665E-32,4.44089209850063E-16));
#334=FACE_BOUND('',#335,.T.);
#335=EDGE_LOOP('',(#1086,#1087,#1088,#1089));
#336=CYLINDRICAL_SURFACE('',#337,8.);
#337=AXIS2_PLACEMENT_3D('',#338,#339,#340);
#338=CARTESIAN_POINT('',(107.,-22.,-77.0000000000133));
#339=DIRECTION('',(0.,-1.,-5.59482469102441E-17));
#340=DIRECTION('',(0.,5.59482469102441E-17,-1.));
#341=FACE_BOUND('',#342,.T.);
#342=EDGE_LOOP('',(#1090,#1091,#1092,#1093,#1094,#1095,#1096,#1097,#1098,#1099));
#343=PLANE('',#344);
#344=AXIS2_PLACEMENT_3D('',#345,#346,#347);
#345=CARTESIAN_POINT('',(8.75811540203011E-47,10.,6.12323399573677E-16));
#346=DIRECTION('',(0.,1.,6.12323399573677E-17));
#347=DIRECTION('',(-1.,7.49879891330929E-33,-1.22464679914735E-16));
#348=FACE_BOUND('',#349,.T.);
#349=EDGE_LOOP('',(#1100,#1101,#1102,#1103));
#350=CYLINDRICAL_SURFACE('',#351,8.);
#351=AXIS2_PLACEMENT_3D('',#352,#353,#354);
#352=CARTESIAN_POINT('',(13.,-22.,-77.0000000000134));
#353=DIRECTION('',(0.,-1.,0.));
#354=DIRECTION('',(-1.,0.,0.));
#355=FACE_BOUND('',#356,.T.);
#356=EDGE_LOOP('',(#1104,#1105,#1106,#1107));
#357=CYLINDRICAL_SURFACE('',#358,8.);
#358=AXIS2_PLACEMENT_3D('',#359,#360,#361);
#359=CARTESIAN_POINT('',(13.,-22.,-13.));
#360=DIRECTION('',(0.,-1.,-5.59482469102441E-17));
#361=DIRECTION('',(0.,-5.59482469102441E-17,1.));
#362=FACE_BOUND('',#363,.T.);
#363=EDGE_LOOP('',(#1108,#1109,#1110,#1111));
#364=CYLINDRICAL_SURFACE('',#365,8.);
#365=AXIS2_PLACEMENT_3D('',#366,#367,#368);
#366=CARTESIAN_POINT('',(47.,-22.,-13.));
#367=DIRECTION('',(0.,-1.,-6.29417777740246E-17));
#368=DIRECTION('',(1.,0.,0.));
#369=FACE_BOUND('',#370,.T.);
#370=EDGE_LOOP('',(#1112,#1113,#1114,#1115));
#371=CYLINDRICAL_SURFACE('',#372,8.);
#372=AXIS2_PLACEMENT_3D('',#373,#374,#375);
#373=CARTESIAN_POINT('',(47.,-22.,-77.0000000000133));
#374=DIRECTION('',(0.,-1.,0.));
#375=DIRECTION('',(0.,0.,-1.));
#376=FACE_BOUND('',#377,.T.);
#377=EDGE_LOOP('',(#1116,#1117,#1118,#1119));
#378=CYLINDRICAL_SURFACE('',#379,14.);
#379=AXIS2_PLACEMENT_3D('',#380,#381,#382);
#380=CARTESIAN_POINT('',(116.,-56.,86.));
#381=DIRECTION('',(0.,-1.,-4.55476112666731E-17));
#382=DIRECTION('',(1.,0.,0.));
#383=FACE_BOUND('',#384,.T.);
#384=EDGE_LOOP('',(#1120,#1121,#1122,#1123,#1124,#1125,#1126,#1127));
#385=PLANE('',#386);
#386=AXIS2_PLACEMENT_3D('',#387,#388,#389);
#387=CARTESIAN_POINT('',(0.,0.,0.));
#388=DIRECTION('',(0.,1.,6.12323399573677E-17));
#389=DIRECTION('',(6.12323399573677E-17,6.12323399573677E-17,-1.));
#390=FACE_BOUND('',#391,.T.);
#391=EDGE_LOOP('',(#1128,#1129,#1130,#1131,#1132));
#392=CYLINDRICAL_SURFACE('',#393,14.);
#393=AXIS2_PLACEMENT_3D('',#394,#395,#396);
#394=CARTESIAN_POINT('',(116.,-56.,-86.));
#395=DIRECTION('',(0.,-1.,-4.55476112666731E-17));
#396=DIRECTION('',(0.,4.55476112666731E-17,-1.));
#397=FACE_BOUND('',#398,.T.);
#398=EDGE_LOOP('',(#1133,#1134,#1135,#1136,#1137,#1138,#1139,#1140,#1141,#1142));
#399=PLANE('',#400);
#400=AXIS2_PLACEMENT_3D('',#401,#402,#403);
#401=CARTESIAN_POINT('',(8.75811540203011E-47,10.,6.12323399573677E-16));
#402=DIRECTION('',(0.,1.,6.12323399573677E-17));
#403=DIRECTION('',(-1.,7.49879891330929E-33,-1.22464679914735E-16));
#404=FACE_BOUND('',#405,.T.);
#405=EDGE_LOOP('',(#1143,#1144,#1145,#1146));
#406=CYLINDRICAL_SURFACE('',#407,8.);
#407=AXIS2_PLACEMENT_3D('',#408,#409,#410);
#408=CARTESIAN_POINT('',(-73.,-22.,-13.));
#409=DIRECTION('',(0.,-1.,-5.59482469102441E-17));
#410=DIRECTION('',(1.,-1.24230063814333E-32,2.22044604925031E-16));
#411=FACE_BOUND('',#412,.T.);
#412=EDGE_LOOP('',(#1147,#1148,#1149,#1150));
#413=CYLINDRICAL_SURFACE('',#414,8.);
#414=AXIS2_PLACEMENT_3D('',#415,#416,#417);
#415=CARTESIAN_POINT('',(-73.,-22.,-77.0000000000134));
#416=DIRECTION('',(0.,-1.,-5.59482469102441E-17));
#417=DIRECTION('',(0.,5.59482469102441E-17,-1.));
#418=FACE_BOUND('',#419,.T.);
#419=EDGE_LOOP('',(#1151,#1152,#1153,#1154));
#420=PLANE('',#421);
#421=AXIS2_PLACEMENT_3D('',#422,#423,#424);
#422=CARTESIAN_POINT('',(-4.99999999999999,10.,-85.0000000000134));
#423=DIRECTION('',(0.,7.47939721852737E-17,-1.));
#424=DIRECTION('',(-1.,0.,0.));
#425=FACE_BOUND('',#426,.T.);
#426=EDGE_LOOP('',(#1155,#1156,#1157,#1158));
#427=PLANE('',#428);
#428=AXIS2_PLACEMENT_3D('',#429,#430,#431);
#429=CARTESIAN_POINT('',(-55.,10.,-5.00000000000003));
#430=DIRECTION('',(-1.24344978758018E-16,-6.07701024005349E-17,1.));
#431=DIRECTION('',(1.,0.,1.24344978758018E-16));
#432=FACE_BOUND('',#433,.T.);
#433=EDGE_LOOP('',(#1159,#1160,#1161,#1162));
#434=PLANE('',#435);
#435=AXIS2_PLACEMENT_3D('',#436,#437,#438);
#436=CARTESIAN_POINT('',(-130.,211.,-100.));
#437=DIRECTION('',(0.,2.02434649416073E-15,1.));
#438=DIRECTION('',(0.,-1.,2.02434649416073E-15));
#439=FACE_BOUND('',#440,.T.);
#440=EDGE_LOOP('',(#1163,#1164,#1165,#1166));
#441=FACE_BOUND('',#442,.T.);
#442=EDGE_LOOP('',(#1167));
#443=PLANE('',#444);
#444=AXIS2_PLACEMENT_3D('',#445,#446,#447);
#445=CARTESIAN_POINT('',(58.,222.,-100.));
#446=DIRECTION('',(1.,0.,0.));
#447=DIRECTION('',(0.,-1.,0.));
#448=FACE_BOUND('',#449,.T.);
#449=EDGE_LOOP('',(#1168,#1169,#1170,#1171,#1172,#1173,#1174,#1175));
#450=CYLINDRICAL_SURFACE('',#451,28.);
#451=AXIS2_PLACEMENT_3D('',#452,#453,#454);
#452=CARTESIAN_POINT('',(-130.,175.900142450431,-128.));
#453=DIRECTION('',(-1.,0.,0.));
#454=DIRECTION('',(0.,6.12323399573677E-17,1.));
#455=FACE_BOUND('',#456,.T.);
#456=EDGE_LOOP('',(#1176,#1177,#1178,#1179));
#457=FACE_BOUND('',#458,.T.);
#458=EDGE_LOOP('',(#1180));
#459=PLANE('',#460);
#460=AXIS2_PLACEMENT_3D('',#461,#462,#463);
#461=CARTESIAN_POINT('',(-58.,200.,-100.));
#462=DIRECTION('',(-1.,-3.22973970800046E-16,0.));
#463=DIRECTION('',(-3.22973970800046E-16,1.,0.));
#464=FACE_BOUND('',#465,.T.);
#465=EDGE_LOOP('',(#1181,#1182,#1183,#1184));
#466=PLANE('',#467);
#467=AXIS2_PLACEMENT_3D('',#468,#469,#470);
#468=CARTESIAN_POINT('',(-130.,211.,-100.));
#469=DIRECTION('',(0.,2.02434649416073E-15,1.));
#470=DIRECTION('',(0.,-1.,2.02434649416073E-15));
#471=FACE_BOUND('',#472,.T.);
#472=EDGE_LOOP('',(#1185,#1186,#1187,#1188,#1189));
#473=CYLINDRICAL_SURFACE('',#474,14.);
#474=AXIS2_PLACEMENT_3D('',#475,#476,#477);
#475=CARTESIAN_POINT('',(-116.,-56.,-86.));
#476=DIRECTION('',(0.,-1.,-4.55476112666731E-17));
#477=DIRECTION('',(-1.,0.,0.));
#478=FACE_BOUND('',#479,.T.);
#479=EDGE_LOOP('',(#1190,#1191,#1192,#1193));
#480=PLANE('',#481);
#481=AXIS2_PLACEMENT_3D('',#482,#483,#484);
#482=CARTESIAN_POINT('',(-130.,6.12323399573677E-15,-100.));
#483=DIRECTION('',(-1.,0.,0.));
#484=DIRECTION('',(0.,-6.12323399573677E-17,1.));
#485=FACE_BOUND('',#486,.T.);
#486=EDGE_LOOP('',(#1194,#1195,#1196,#1197));
#487=CYLINDRICAL_SURFACE('',#488,14.);
#488=AXIS2_PLACEMENT_3D('',#489,#490,#491);
#489=CARTESIAN_POINT('',(-116.,-56.,86.));
#490=DIRECTION('',(0.,-1.,-4.55476112666731E-17));
#491=DIRECTION('',(0.,-4.55476112666731E-17,1.));
#492=FACE_BOUND('',#493,.T.);
#493=EDGE_LOOP('',(#1198,#1199,#1200,#1201));
#494=PLANE('',#495);
#495=AXIS2_PLACEMENT_3D('',#496,#497,#498);
#496=CARTESIAN_POINT('',(-130.,-6.12323399573677E-15,100.));
#497=DIRECTION('',(-1.09314267040015E-16,-7.105427357601E-17,1.));
#498=DIRECTION('',(1.,-6.0681608093924E-33,1.09314267040015E-16));
#499=FACE_BOUND('',#500,.T.);
#500=EDGE_LOOP('',(#1202,#1203,#1204,#1205));
#501=PLANE('',#502);
#502=AXIS2_PLACEMENT_3D('',#503,#504,#505);
#503=CARTESIAN_POINT('',(5.00000000000003,10.,-5.00000000000002));
#504=DIRECTION('',(-1.24344978758018E-16,-6.07701024005349E-17,1.));
#505=DIRECTION('',(1.,0.,1.24344978758018E-16));
#506=FACE_BOUND('',#507,.T.);
#507=EDGE_LOOP('',(#1206,#1207,#1208,#1209));
#508=PLANE('',#509);
#509=AXIS2_PLACEMENT_3D('',#510,#511,#512);
#510=CARTESIAN_POINT('',(55.,10.,-85.0000000000133));
#511=DIRECTION('',(2.8421709430404E-16,0.,-1.));
#512=DIRECTION('',(-1.,0.,-2.8421709430404E-16));
#513=FACE_BOUND('',#514,.T.);
#514=EDGE_LOOP('',(#1210,#1211,#1212,#1213));
#515=CYLINDRICAL_SURFACE('',#516,8.);
#516=AXIS2_PLACEMENT_3D('',#517,#518,#519);
#517=CARTESIAN_POINT('',(107.,-22.,77.));
#518=DIRECTION('',(-5.59482469102441E-17,-1.,0.));
#519=DIRECTION('',(1.,-5.59482469102441E-17,0.));
#520=FACE_BOUND('',#521,.T.);
#521=EDGE_LOOP('',(#1214,#1215,#1216,#1217));
#522=PLANE('',#523);
#523=AXIS2_PLACEMENT_3D('',#524,#525,#526);
#524=CARTESIAN_POINT('',(65.,9.99999999999999,85.));
#525=DIRECTION('',(0.,0.,1.));
#526=DIRECTION('',(1.,0.,0.));
#527=FACE_BOUND('',#528,.T.);
#528=EDGE_LOOP('',(#1218,#1219,#1220,#1221));
#529=CYLINDRICAL_SURFACE('',#530,8.);
#530=AXIS2_PLACEMENT_3D('',#531,#532,#533);
#531=CARTESIAN_POINT('',(73.,-22.,77.));
#532=DIRECTION('',(0.,-1.,0.));
#533=DIRECTION('',(0.,0.,1.));
#534=FACE_BOUND('',#535,.T.);
#535=EDGE_LOOP('',(#1222,#1223,#1224,#1225,#1226,#1227));
#536=PLANE('',#537);
#537=AXIS2_PLACEMENT_3D('',#538,#539,#540);
#538=CARTESIAN_POINT('',(65.,10.,4.99999999998665));
#539=DIRECTION('',(-1.,1.07949387030226E-32,-1.77635683939995E-16));
#540=DIRECTION('',(-1.77635683939995E-16,-6.66133814774983E-17,1.));
#541=FACE_BOUND('',#542,.T.);
#542=EDGE_LOOP('',(#1228,#1229,#1230,#1231));
#543=CYLINDRICAL_SURFACE('',#544,8.);
#544=AXIS2_PLACEMENT_3D('',#545,#546,#547);
#545=CARTESIAN_POINT('',(73.,-22.,12.9999999999866));
#546=DIRECTION('',(0.,-1.,-5.59482469102441E-17));
#547=DIRECTION('',(-1.,0.,0.));
#548=FACE_BOUND('',#549,.T.);
#549=EDGE_LOOP('',(#1232,#1233,#1234,#1235));
#550=PLANE('',#551);
#551=AXIS2_PLACEMENT_3D('',#552,#553,#554);
#552=CARTESIAN_POINT('',(115.,10.,4.99999999998666));
#553=DIRECTION('',(1.24344978758018E-16,6.07701024005349E-17,-1.));
#554=DIRECTION('',(-1.,0.,-1.24344978758018E-16));
#555=FACE_BOUND('',#556,.T.);
#556=EDGE_LOOP('',(#1236,#1237,#1238,#1239));
#557=CYLINDRICAL_SURFACE('',#558,8.);
#558=AXIS2_PLACEMENT_3D('',#559,#560,#561);
#559=CARTESIAN_POINT('',(107.,-22.,12.9999999999867));
#560=DIRECTION('',(0.,-1.,-6.99353086378051E-17));
#561=DIRECTION('',(0.,6.99353086378051E-17,-1.));
#562=FACE_BOUND('',#563,.T.);
#563=EDGE_LOOP('',(#1240,#1241,#1242,#1243));
#564=PLANE('',#565);
#565=AXIS2_PLACEMENT_3D('',#566,#567,#568);
#566=CARTESIAN_POINT('',(115.,9.99999999999999,85.));
#567=DIRECTION('',(1.,-1.32860784037201E-32,1.77635683939995E-16));
#568=DIRECTION('',(1.77635683939995E-16,6.66133814774983E-17,-1.));
#569=FACE_BOUND('',#570,.T.);
#570=EDGE_LOOP('',(#1244,#1245,#1246,#1247));
#571=PLANE('',#572);
#572=AXIS2_PLACEMENT_3D('',#573,#574,#575);
#573=CARTESIAN_POINT('',(115.,10.,-85.0000000000133));
#574=DIRECTION('',(0.,7.47939721852737E-17,-1.));
#575=DIRECTION('',(-1.,0.,0.));
#576=FACE_BOUND('',#577,.T.);
#577=EDGE_LOOP('',(#1248,#1249,#1250,#1251));
#578=PLANE('',#579);
#579=AXIS2_PLACEMENT_3D('',#580,#581,#582);
#580=CARTESIAN_POINT('',(65.,10.,-5.00000000000001));
#581=DIRECTION('',(-1.24344978758018E-16,-6.07701024005349E-17,1.));
#582=DIRECTION('',(1.,0.,1.24344978758018E-16));
#583=FACE_BOUND('',#584,.T.);
#584=EDGE_LOOP('',(#1252,#1253,#1254,#1255));
#585=CYLINDRICAL_SURFACE('',#586,8.);
#586=AXIS2_PLACEMENT_3D('',#587,#588,#589);
#587=CARTESIAN_POINT('',(47.,-22.,77.));
#588=DIRECTION('',(0.,-1.,-5.59482469102441E-17));
#589=DIRECTION('',(1.,0.,0.));
#590=FACE_BOUND('',#591,.T.);
#591=EDGE_LOOP('',(#1256,#1257,#1258,#1259));
#592=PLANE('',#593);
#593=AXIS2_PLACEMENT_3D('',#594,#595,#596);
#594=CARTESIAN_POINT('',(5.00000000000001,9.99999999999999,85.));
#595=DIRECTION('',(-2.8421709430404E-16,-7.47939721852737E-17,1.));
#596=DIRECTION('',(1.,0.,2.8421709430404E-16));
#597=FACE_BOUND('',#598,.T.);
#598=EDGE_LOOP('',(#1260,#1261,#1262,#1263));
#599=CYLINDRICAL_SURFACE('',#600,8.);
#600=AXIS2_PLACEMENT_3D('',#601,#602,#603);
#601=CARTESIAN_POINT('',(13.,-22.,77.));
#602=DIRECTION('',(0.,-1.,-5.59482469102441E-17));
#603=DIRECTION('',(-2.22044604925031E-16,-5.59482469102441E-17,1.));
#604=FACE_BOUND('',#605,.T.);
#605=EDGE_LOOP('',(#1264,#1265,#1266,#1267,#1268,#1269));
#606=PLANE('',#607);
#607=AXIS2_PLACEMENT_3D('',#608,#609,#610);
#608=CARTESIAN_POINT('',(4.99999999999999,10.,4.99999999998664));
#609=DIRECTION('',(-1.,-1.41683570477171E-32,2.33146835171244E-16));
#610=DIRECTION('',(2.33146835171244E-16,-6.66133814774983E-17,1.));
#611=FACE_BOUND('',#612,.T.);
#612=EDGE_LOOP('',(#1270,#1271,#1272,#1273));
#613=PLANE('',#614);
#614=AXIS2_PLACEMENT_3D('',#615,#616,#617);
#615=CARTESIAN_POINT('',(55.,10.,4.99999999998665));
#616=DIRECTION('',(1.24344978758018E-16,6.07701024005349E-17,-1.));
#617=DIRECTION('',(-1.,0.,-1.24344978758018E-16));
#618=FACE_BOUND('',#619,.T.);
#619=EDGE_LOOP('',(#1274,#1275,#1276,#1277));
#620=CYLINDRICAL_SURFACE('',#621,8.);
#621=AXIS2_PLACEMENT_3D('',#622,#623,#624);
#622=CARTESIAN_POINT('',(47.,-22.,12.9999999999867));
#623=DIRECTION('',(0.,-1.,-3.49676543189026E-17));
#624=DIRECTION('',(0.,3.49676543189026E-17,-1.));
#625=FACE_BOUND('',#626,.T.);
#626=EDGE_LOOP('',(#1278,#1279,#1280,#1281,#1282,#1283));
#627=PLANE('',#628);
#628=AXIS2_PLACEMENT_3D('',#629,#630,#631);
#629=CARTESIAN_POINT('',(55.,9.99999999999999,85.));
#630=DIRECTION('',(1.,0.,8.88178419699977E-17));
#631=DIRECTION('',(8.88178419699977E-17,6.66133814774983E-17,-1.));
#632=FACE_BOUND('',#633,.T.);
#633=EDGE_LOOP('',(#1284,#1285,#1286,#1287));
#634=CYLINDRICAL_SURFACE('',#635,8.);
#635=AXIS2_PLACEMENT_3D('',#636,#637,#638);
#636=CARTESIAN_POINT('',(-13.,-22.,77.));
#637=DIRECTION('',(-1.3987061727561E-17,-1.,0.));
#638=DIRECTION('',(1.,-1.3987061727561E-17,0.));
#639=FACE_BOUND('',#640,.T.);
#640=EDGE_LOOP('',(#1288,#1289,#1290,#1291));
#641=PLANE('',#642);
#642=AXIS2_PLACEMENT_3D('',#643,#644,#645);
#643=CARTESIAN_POINT('',(-55.,9.99999999999999,85.));
#644=DIRECTION('',(0.,0.,1.));
#645=DIRECTION('',(1.,0.,0.));
#646=FACE_BOUND('',#647,.T.);
#647=EDGE_LOOP('',(#1292,#1293,#1294,#1295));
#648=CYLINDRICAL_SURFACE('',#649,8.);
#649=AXIS2_PLACEMENT_3D('',#650,#651,#652);
#650=CARTESIAN_POINT('',(-47.,-22.,77.));
#651=DIRECTION('',(0.,-1.,0.));
#652=DIRECTION('',(0.,0.,1.));
#653=FACE_BOUND('',#654,.T.);
#654=EDGE_LOOP('',(#1296,#1297,#1298,#1299,#1300,#1301));
#655=PLANE('',#656);
#656=AXIS2_PLACEMENT_3D('',#657,#658,#659);
#657=CARTESIAN_POINT('',(-55.,10.,4.99999999998664));
#658=DIRECTION('',(-1.,-1.61924080545339E-32,2.66453525909993E-16));
#659=DIRECTION('',(2.66453525909993E-16,-6.66133814774983E-17,1.));
#660=FACE_BOUND('',#661,.T.);
#661=EDGE_LOOP('',(#1302,#1303,#1304,#1305));
#662=CYLINDRICAL_SURFACE('',#663,8.);
#663=AXIS2_PLACEMENT_3D('',#664,#665,#666);
#664=CARTESIAN_POINT('',(-47.,-22.,12.9999999999866));
#665=DIRECTION('',(0.,-1.,-5.59482469102441E-17));
#666=DIRECTION('',(-1.,1.24230063814333E-32,-2.22044604925031E-16));
#667=FACE_BOUND('',#668,.T.);
#668=EDGE_LOOP('',(#1306,#1307,#1308,#1309));
#669=PLANE('',#670);
#670=AXIS2_PLACEMENT_3D('',#671,#672,#673);
#671=CARTESIAN_POINT('',(-5.00000000000001,10.,4.99999999998664));
#672=DIRECTION('',(1.24344978758018E-16,6.07701024005349E-17,-1.));
#673=DIRECTION('',(-1.,0.,-1.24344978758018E-16));
#674=FACE_BOUND('',#675,.T.);
#675=EDGE_LOOP('',(#1310,#1311,#1312,#1313));
#676=CYLINDRICAL_SURFACE('',#677,8.);
#677=AXIS2_PLACEMENT_3D('',#678,#679,#680);
#678=CARTESIAN_POINT('',(-13.,-22.,12.9999999999866));
#679=DIRECTION('',(0.,-1.,-6.29417777740246E-17));
#680=DIRECTION('',(4.44089209850063E-16,6.29417777740246E-17,-1.));
#681=FACE_BOUND('',#682,.T.);
#682=EDGE_LOOP('',(#1314,#1315,#1316,#1317,#1318,#1319));
#683=PLANE('',#684);
#684=AXIS2_PLACEMENT_3D('',#685,#686,#687);
#685=CARTESIAN_POINT('',(-5.00000000000002,9.99999999999999,85.));
#686=DIRECTION('',(1.,-9.13417890255756E-33,1.22124532708747E-16));
#687=DIRECTION('',(1.22124532708747E-16,6.66133814774983E-17,-1.));
#688=FACE_BOUND('',#689,.T.);
#689=EDGE_LOOP('',(#1320,#1321,#1322,#1323,#1324,#1325,#1326));
#690=PLANE('',#691);
#691=AXIS2_PLACEMENT_3D('',#692,#693,#694);
#692=CARTESIAN_POINT('',(-115.,10.,-5.00000000000003));
#693=DIRECTION('',(-1.24344978758018E-16,-6.07701024005349E-17,1.));
#694=DIRECTION('',(1.,0.,1.24344978758018E-16));
#695=FACE_BOUND('',#696,.T.);
#696=EDGE_LOOP('',(#1327,#1328,#1329,#1330));
#697=CYLINDRICAL_SURFACE('',#698,8.);
#698=AXIS2_PLACEMENT_3D('',#699,#700,#701);
#699=CARTESIAN_POINT('',(-107.,-22.,-13.));
#700=DIRECTION('',(0.,-1.,-5.59482469102441E-17));
#701=DIRECTION('',(0.,-5.59482469102441E-17,1.));
#702=FACE_BOUND('',#703,.T.);
#703=EDGE_LOOP('',(#1331,#1332,#1333,#1334));
#704=PLANE('',#705);
#705=AXIS2_PLACEMENT_3D('',#706,#707,#708);
#706=CARTESIAN_POINT('',(-115.,10.,-85.0000000000134));
#707=DIRECTION('',(-1.,-1.32860784037201E-32,1.77635683939995E-16));
#708=DIRECTION('',(1.77635683939995E-16,-6.66133814774983E-17,1.));
#709=FACE_BOUND('',#710,.T.);
#710=EDGE_LOOP('',(#1335,#1336,#1337,#1338));
#711=CYLINDRICAL_SURFACE('',#712,8.);
#712=AXIS2_PLACEMENT_3D('',#713,#714,#715);
#713=CARTESIAN_POINT('',(-107.,-22.,-77.0000000000134));
#714=DIRECTION('',(0.,-1.,-5.59482469102441E-17));
#715=DIRECTION('',(-1.,0.,0.));
#716=FACE_BOUND('',#717,.T.);
#717=EDGE_LOOP('',(#1339,#1340,#1341,#1342));
#718=PLANE('',#719);
#719=AXIS2_PLACEMENT_3D('',#720,#721,#722);
#720=CARTESIAN_POINT('',(-65.,10.,-85.0000000000134));
#721=DIRECTION('',(0.,7.47939721852737E-17,-1.));
#722=DIRECTION('',(-1.,0.,0.));
#723=FACE_BOUND('',#724,.T.);
#724=EDGE_LOOP('',(#1343,#1344,#1345,#1346));
#725=CYLINDRICAL_SURFACE('',#726,8.);
#726=AXIS2_PLACEMENT_3D('',#727,#728,#729);
#727=CARTESIAN_POINT('',(-73.,-22.,77.));
#728=DIRECTION('',(-5.59482469102441E-17,-1.,-5.59482469102441E-17));
#729=DIRECTION('',(1.,-5.59482469102441E-17,-3.13020633232964E-33));
#730=FACE_BOUND('',#731,.T.);
#731=EDGE_LOOP('',(#1347,#1348,#1349,#1350));
#732=PLANE('',#733);
#733=AXIS2_PLACEMENT_3D('',#734,#735,#736);
#734=CARTESIAN_POINT('',(-115.,9.99999999999999,85.));
#735=DIRECTION('',(0.,-7.47939721852737E-17,1.));
#736=DIRECTION('',(1.,0.,0.));
#737=FACE_BOUND('',#738,.T.);
#738=EDGE_LOOP('',(#1351,#1352,#1353,#1354));
#739=CYLINDRICAL_SURFACE('',#740,8.);
#740=AXIS2_PLACEMENT_3D('',#741,#742,#743);
#741=CARTESIAN_POINT('',(-107.,-22.,77.));
#742=DIRECTION('',(0.,-1.,-5.59482469102441E-17));
#743=DIRECTION('',(0.,-5.59482469102441E-17,1.));
#744=FACE_BOUND('',#745,.T.);
#745=EDGE_LOOP('',(#1355,#1356,#1357,#1358));
#746=PLANE('',#747);
#747=AXIS2_PLACEMENT_3D('',#748,#749,#750);
#748=CARTESIAN_POINT('',(-115.,10.,4.99999999998661));
#749=DIRECTION('',(-1.,-1.07949387030226E-32,1.77635683939995E-16));
#750=DIRECTION('',(1.77635683939995E-16,-6.66133814774983E-17,1.));
#751=FACE_BOUND('',#752,.T.);
#752=EDGE_LOOP('',(#1359,#1360,#1361,#1362));
#753=CYLINDRICAL_SURFACE('',#754,8.);
#754=AXIS2_PLACEMENT_3D('',#755,#756,#757);
#755=CARTESIAN_POINT('',(-107.,-22.,12.9999999999866));
#756=DIRECTION('',(0.,-1.,-6.99353086378051E-17));
#757=DIRECTION('',(-1.,1.55287579767916E-32,-2.22044604925031E-16));
#758=FACE_BOUND('',#759,.T.);
#759=EDGE_LOOP('',(#1363,#1364,#1365,#1366,#1367,#1368,#1369));
#760=PLANE('',#761);
#761=AXIS2_PLACEMENT_3D('',#762,#763,#764);
#762=CARTESIAN_POINT('',(-65.,10.,4.99999999998662));
#763=DIRECTION('',(1.24344978758018E-16,6.07701024005349E-17,-1.));
#764=DIRECTION('',(-1.,0.,-1.24344978758018E-16));
#765=FACE_BOUND('',#766,.T.);
#766=EDGE_LOOP('',(#1370,#1371,#1372,#1373));
#767=CYLINDRICAL_SURFACE('',#768,8.);
#768=AXIS2_PLACEMENT_3D('',#769,#770,#771);
#769=CARTESIAN_POINT('',(-73.,-22.,12.9999999999866));
#770=DIRECTION('',(0.,-1.,-4.19611851826831E-17));
#771=DIRECTION('',(0.,4.19611851826831E-17,-1.));
#772=FACE_BOUND('',#773,.T.);
#773=EDGE_LOOP('',(#1374,#1375,#1376,#1377,#1378,#1379));
#774=PLANE('',#775);
#775=AXIS2_PLACEMENT_3D('',#776,#777,#778);
#776=CARTESIAN_POINT('',(-65.,9.99999999999999,85.));
#777=DIRECTION('',(1.,-1.32860784037201E-32,1.77635683939995E-16));
#778=DIRECTION('',(1.77635683939995E-16,6.66133814774983E-17,-1.));
#779=FACE_BOUND('',#780,.T.);
#780=EDGE_LOOP('',(#1380,#1381,#1382,#1383));
#781=PLANE('',#782);
#782=AXIS2_PLACEMENT_3D('',#783,#784,#785);
#783=CARTESIAN_POINT('',(130.,6.12323399573677E-15,-100.));
#784=DIRECTION('',(1.09314267040015E-16,7.105427357601E-17,-1.));
#785=DIRECTION('',(-1.,6.0681608093924E-33,-1.09314267040015E-16));
#786=FACE_BOUND('',#787,.T.);
#787=EDGE_LOOP('',(#1384,#1385,#1386,#1387));
#788=FACE_BOUND('',#789,.T.);
#789=EDGE_LOOP('',(#1388));
#790=PLANE('',#791);
#791=AXIS2_PLACEMENT_3D('',#792,#793,#794);
#792=CARTESIAN_POINT('',(116.,0.,0.));
#793=DIRECTION('',(1.,0.,0.));
#794=DIRECTION('',(0.,-1.,6.12323399573677E-17));
#795=FACE_BOUND('',#796,.T.);
#796=EDGE_LOOP('',(#1389,#1390,#1391,#1392));
#797=CYLINDRICAL_SURFACE('',#798,11.);
#798=AXIS2_PLACEMENT_3D('',#799,#800,#801);
#799=CARTESIAN_POINT('',(-130.,211.,-111.));
#800=DIRECTION('',(1.,0.,0.));
#801=DIRECTION('',(0.,-0.899996347424834,-0.435897435897434));
#802=FACE_OUTER_BOUND('',#803,.T.);
#803=EDGE_LOOP('',(#1393));
#804=FACE_OUTER_BOUND('',#805,.T.);
#805=EDGE_LOOP('',(#1394));
#806=CYLINDRICAL_SURFACE('',#807,5.);
#807=AXIS2_PLACEMENT_3D('',#808,#809,#810);
#808=CARTESIAN_POINT('',(-130.,211.,-111.));
#809=DIRECTION('',(1.,0.,0.));
#810=DIRECTION('',(0.,1.,6.12323399573677E-17));
#811=FACE_BOUND('',#812,.T.);
#812=EDGE_LOOP('',(#1395,#1396,#1397,#1398));
#813=FACE_BOUND('',#814,.T.);
#814=EDGE_LOOP('',(#1399));
#815=PLANE('',#816);
#816=AXIS2_PLACEMENT_3D('',#817,#818,#819);
#817=CARTESIAN_POINT('',(-116.,211.,-100.));
#818=DIRECTION('',(1.,0.,0.));
#819=DIRECTION('',(0.,-1.,2.02434649416073E-15));
#820=FACE_BOUND('',#821,.T.);
#821=EDGE_LOOP('',(#1400,#1401,#1402,#1403));
#822=CYLINDRICAL_SURFACE('',#823,11.);
#823=AXIS2_PLACEMENT_3D('',#824,#825,#826);
#824=CARTESIAN_POINT('',(-130.,211.,-111.));
#825=DIRECTION('',(1.,0.,0.));
#826=DIRECTION('',(0.,-0.899996347424834,-0.435897435897434));
#827=FACE_OUTER_BOUND('',#828,.T.);
#828=EDGE_LOOP('',(#1404));
#829=FACE_OUTER_BOUND('',#830,.T.);
#830=EDGE_LOOP('',(#1405));
#831=CYLINDRICAL_SURFACE('',#832,5.);
#832=AXIS2_PLACEMENT_3D('',#833,#834,#835);
#833=CARTESIAN_POINT('',(-130.,211.,-111.));
#834=DIRECTION('',(1.,0.,0.));
#835=DIRECTION('',(0.,1.,6.12323399573677E-17));
#836=FACE_BOUND('',#837,.T.);
#837=EDGE_LOOP('',(#1406,#1407,#1408,#1409,#1410,#1411,#1412,#1413,#1414));
#838=PLANE('',#839);
#839=AXIS2_PLACEMENT_3D('',#840,#841,#842);
#840=CARTESIAN_POINT('',(8.75811540203011E-47,10.,6.12323399573677E-16));
#841=DIRECTION('',(0.,1.,6.12323399573677E-17));
#842=DIRECTION('',(-1.,7.49879891330929E-33,-1.22464679914735E-16));
#843=FACE_OUTER_BOUND('',#844,.T.);
#844=EDGE_LOOP('',(#1415));
#845=FACE_OUTER_BOUND('',#846,.T.);
#846=EDGE_LOOP('',(#1416));
#847=CYLINDRICAL_SURFACE('',#848,5.);
#848=AXIS2_PLACEMENT_3D('',#849,#850,#851);
#849=CARTESIAN_POINT('',(-65.,15.,44.9999999999933));
#850=DIRECTION('',(1.,-1.07949387030226E-32,1.77635683939995E-16));
#851=DIRECTION('',(-2.84984525548851E-31,-1.,1.54355015143494E-15));
#852=FACE_BOUND('',#853,.T.);
#853=EDGE_LOOP('',(#1417,#1418,#1419,#1420,#1421,#1422,#1423,#1424,#1425,#1426));
#854=PLANE('',#855);
#855=AXIS2_PLACEMENT_3D('',#856,#857,#858);
#856=CARTESIAN_POINT('',(8.75811540203011E-47,10.,6.12323399573677E-16));
#857=DIRECTION('',(0.,1.,6.12323399573677E-17));
#858=DIRECTION('',(-1.,7.49879891330929E-33,-1.22464679914735E-16));
#859=FACE_OUTER_BOUND('',#860,.T.);
#860=EDGE_LOOP('',(#1427));
#861=FACE_OUTER_BOUND('',#862,.T.);
#862=EDGE_LOOP('',(#1428));
#863=CYLINDRICAL_SURFACE('',#864,5.);
#864=AXIS2_PLACEMENT_3D('',#865,#866,#867);
#865=CARTESIAN_POINT('',(-65.,15.,44.9999999999933));
#866=DIRECTION('',(1.,-1.07949387030226E-32,1.77635683939995E-16));
#867=DIRECTION('',(-2.84984525548851E-31,-1.,1.54355015143494E-15));
#868=FACE_BOUND('',#869,.T.);
#869=EDGE_LOOP('',(#1429,#1430,#1431,#1432,#1433,#1434,#1435,#1436,#1437,#1438));
#870=PLANE('',#871);
#871=AXIS2_PLACEMENT_3D('',#872,#873,#874);
#872=CARTESIAN_POINT('',(8.75811540203011E-47,10.,6.12323399573677E-16));
#873=DIRECTION('',(0.,1.,6.12323399573677E-17));
#874=DIRECTION('',(-1.,7.49879891330929E-33,-1.22464679914735E-16));
#875=FACE_OUTER_BOUND('',#876,.T.);
#876=EDGE_LOOP('',(#1439));
#877=FACE_OUTER_BOUND('',#878,.T.);
#878=EDGE_LOOP('',(#1440));
#879=CYLINDRICAL_SURFACE('',#880,5.);
#880=AXIS2_PLACEMENT_3D('',#881,#882,#883);
#881=CARTESIAN_POINT('',(-65.,15.,44.9999999999933));
#882=DIRECTION('',(1.,-1.07949387030226E-32,1.77635683939995E-16));
#883=DIRECTION('',(-2.84984525548851E-31,-1.,1.54355015143494E-15));
#884=FACE_BOUND('',#885,.T.);
#885=EDGE_LOOP('',(#1441,#1442));
#886=FACE_BOUND('',#887,.T.);
#887=EDGE_LOOP('',(#1443,#1444));
#888=CYLINDRICAL_SURFACE('',#889,5.);
#889=AXIS2_PLACEMENT_3D('',#890,#891,#892);
#890=CARTESIAN_POINT('',(-90.,15.,-122.));
#891=DIRECTION('',(-1.24344978758018E-16,-6.07701024005349E-17,1.));
#892=DIRECTION('',(0.,1.,6.07701024005349E-17));
#893=FACE_BOUND('',#894,.T.);
#894=EDGE_LOOP('',(#1445,#1446,#1447,#1448,#1449,#1450,#1451,#1452,#1453,#1454));
#895=PLANE('',#896);
#896=AXIS2_PLACEMENT_3D('',#897,#898,#899);
#897=CARTESIAN_POINT('',(8.75811540203011E-47,10.,6.12323399573677E-16));
#898=DIRECTION('',(0.,1.,6.12323399573677E-17));
#899=DIRECTION('',(-1.,7.49879891330929E-33,-1.22464679914735E-16));
#900=FACE_BOUND('',#901,.T.);
#901=EDGE_LOOP('',(#1455,#1456,#1457,#1458));
#902=CYLINDRICAL_SURFACE('',#903,8.);
#903=AXIS2_PLACEMENT_3D('',#904,#905,#906);
#904=CARTESIAN_POINT('',(13.,-22.,12.9999999999866));
#905=DIRECTION('',(0.,-1.,-5.59482469102441E-17));
#906=DIRECTION('',(-1.,-1.24230063814332E-32,2.22044604925031E-16));
#907=ORIENTED_EDGE('',*,*,#1459,.T.);
#908=ORIENTED_EDGE('',*,*,#1460,.T.);
#909=ORIENTED_EDGE('',*,*,#1461,.T.);
#910=ORIENTED_EDGE('',*,*,#1462,.F.);
#911=ORIENTED_EDGE('',*,*,#1463,.F.);
#912=ORIENTED_EDGE('',*,*,#1464,.T.);
#913=ORIENTED_EDGE('',*,*,#1465,.T.);
#914=ORIENTED_EDGE('',*,*,#1466,.T.);
#915=ORIENTED_EDGE('',*,*,#1467,.T.);
#916=ORIENTED_EDGE('',*,*,#1468,.F.);
#917=ORIENTED_EDGE('',*,*,#1469,.F.);
#918=ORIENTED_EDGE('',*,*,#1470,.T.);
#919=ORIENTED_EDGE('',*,*,#1471,.T.);
#920=ORIENTED_EDGE('',*,*,#1472,.T.);
#921=ORIENTED_EDGE('',*,*,#1473,.T.);
#922=ORIENTED_EDGE('',*,*,#1474,.F.);
#923=ORIENTED_EDGE('',*,*,#1475,.F.);
#924=ORIENTED_EDGE('',*,*,#1476,.T.);
#925=ORIENTED_EDGE('',*,*,#1477,.T.);
#926=ORIENTED_EDGE('',*,*,#1478,.T.);
#927=ORIENTED_EDGE('',*,*,#1479,.T.);
#928=ORIENTED_EDGE('',*,*,#1480,.F.);
#929=ORIENTED_EDGE('',*,*,#1481,.F.);
#930=ORIENTED_EDGE('',*,*,#1482,.T.);
#931=ORIENTED_EDGE('',*,*,#1483,.T.);
#932=ORIENTED_EDGE('',*,*,#1484,.T.);
#933=ORIENTED_EDGE('',*,*,#1485,.T.);
#934=ORIENTED_EDGE('',*,*,#1486,.F.);
#935=ORIENTED_EDGE('',*,*,#1487,.F.);
#936=ORIENTED_EDGE('',*,*,#1488,.T.);
#937=ORIENTED_EDGE('',*,*,#1489,.T.);
#938=ORIENTED_EDGE('',*,*,#1490,.T.);
#939=ORIENTED_EDGE('',*,*,#1491,.T.);
#940=ORIENTED_EDGE('',*,*,#1492,.F.);
#941=ORIENTED_EDGE('',*,*,#1493,.F.);
#942=ORIENTED_EDGE('',*,*,#1494,.T.);
#943=ORIENTED_EDGE('',*,*,#1495,.F.);
#944=ORIENTED_EDGE('',*,*,#1496,.T.);
#945=ORIENTED_EDGE('',*,*,#1497,.T.);
#946=ORIENTED_EDGE('',*,*,#1498,.F.);
#947=ORIENTED_EDGE('',*,*,#1499,.T.);
#948=ORIENTED_EDGE('',*,*,#1500,.T.);
#949=ORIENTED_EDGE('',*,*,#1501,.T.);
#950=ORIENTED_EDGE('',*,*,#1502,.T.);
#951=ORIENTED_EDGE('',*,*,#1503,.F.);
#952=ORIENTED_EDGE('',*,*,#1504,.F.);
#953=ORIENTED_EDGE('',*,*,#1505,.T.);
#954=ORIENTED_EDGE('',*,*,#1459,.F.);
#955=ORIENTED_EDGE('',*,*,#1500,.F.);
#956=ORIENTED_EDGE('',*,*,#1499,.F.);
#957=ORIENTED_EDGE('',*,*,#1477,.F.);
#958=ORIENTED_EDGE('',*,*,#1471,.F.);
#959=ORIENTED_EDGE('',*,*,#1489,.F.);
#960=ORIENTED_EDGE('',*,*,#1483,.F.);
#961=ORIENTED_EDGE('',*,*,#1465,.F.);
#962=ORIENTED_EDGE('',*,*,#1506,.F.);
#963=ORIENTED_EDGE('',*,*,#1507,.F.);
#964=ORIENTED_EDGE('',*,*,#1508,.F.);
#965=ORIENTED_EDGE('',*,*,#1460,.F.);
#966=ORIENTED_EDGE('',*,*,#1464,.F.);
#967=ORIENTED_EDGE('',*,*,#1509,.F.);
#968=ORIENTED_EDGE('',*,*,#1510,.F.);
#969=ORIENTED_EDGE('',*,*,#1511,.F.);
#970=ORIENTED_EDGE('',*,*,#1466,.F.);
#971=ORIENTED_EDGE('',*,*,#1470,.F.);
#972=ORIENTED_EDGE('',*,*,#1512,.T.);
#973=ORIENTED_EDGE('',*,*,#1513,.T.);
#974=ORIENTED_EDGE('',*,*,#1461,.F.);
#975=ORIENTED_EDGE('',*,*,#1508,.T.);
#976=ORIENTED_EDGE('',*,*,#1514,.F.);
#977=ORIENTED_EDGE('',*,*,#1515,.T.);
#978=ORIENTED_EDGE('',*,*,#1516,.F.);
#979=ORIENTED_EDGE('',*,*,#1517,.F.);
#980=ORIENTED_EDGE('',*,*,#1518,.F.);
#981=ORIENTED_EDGE('',*,*,#1519,.F.);
#982=ORIENTED_EDGE('',*,*,#1520,.T.);
#983=ORIENTED_EDGE('',*,*,#1521,.F.);
#984=ORIENTED_EDGE('',*,*,#1522,.T.);
#985=ORIENTED_EDGE('',*,*,#1523,.F.);
#986=ORIENTED_EDGE('',*,*,#1498,.T.);
#987=ORIENTED_EDGE('',*,*,#1524,.F.);
#988=ORIENTED_EDGE('',*,*,#1525,.F.);
#989=ORIENTED_EDGE('',*,*,#1526,.T.);
#990=ORIENTED_EDGE('',*,*,#1527,.F.);
#991=ORIENTED_EDGE('',*,*,#1528,.T.);
#992=ORIENTED_EDGE('',*,*,#1529,.F.);
#993=ORIENTED_EDGE('',*,*,#1530,.T.);
#994=ORIENTED_EDGE('',*,*,#1531,.F.);
#995=ORIENTED_EDGE('',*,*,#1532,.T.);
#996=ORIENTED_EDGE('',*,*,#1533,.F.);
#997=ORIENTED_EDGE('',*,*,#1534,.T.);
#998=ORIENTED_EDGE('',*,*,#1535,.F.);
#999=ORIENTED_EDGE('',*,*,#1536,.T.);
#1000=ORIENTED_EDGE('',*,*,#1537,.F.);
#1001=ORIENTED_EDGE('',*,*,#1538,.T.);
#1002=ORIENTED_EDGE('',*,*,#1539,.F.);
#1003=ORIENTED_EDGE('',*,*,#1540,.T.);
#1004=ORIENTED_EDGE('',*,*,#1541,.F.);
#1005=ORIENTED_EDGE('',*,*,#1542,.T.);
#1006=ORIENTED_EDGE('',*,*,#1543,.F.);
#1007=ORIENTED_EDGE('',*,*,#1544,.T.);
#1008=ORIENTED_EDGE('',*,*,#1545,.F.);
#1009=ORIENTED_EDGE('',*,*,#1546,.T.);
#1010=ORIENTED_EDGE('',*,*,#1547,.F.);
#1011=ORIENTED_EDGE('',*,*,#1503,.T.);
#1012=ORIENTED_EDGE('',*,*,#1548,.F.);
#1013=ORIENTED_EDGE('',*,*,#1468,.T.);
#1014=ORIENTED_EDGE('',*,*,#1549,.F.);
#1015=ORIENTED_EDGE('',*,*,#1550,.T.);
#1016=ORIENTED_EDGE('',*,*,#1551,.F.);
#1017=ORIENTED_EDGE('',*,*,#1462,.T.);
#1018=ORIENTED_EDGE('',*,*,#1513,.F.);
#1019=ORIENTED_EDGE('',*,*,#1552,.T.);
#1020=ORIENTED_EDGE('',*,*,#1553,.F.);
#1021=ORIENTED_EDGE('',*,*,#1554,.T.);
#1022=ORIENTED_EDGE('',*,*,#1555,.F.);
#1023=ORIENTED_EDGE('',*,*,#1556,.T.);
#1024=ORIENTED_EDGE('',*,*,#1557,.F.);
#1025=ORIENTED_EDGE('',*,*,#1558,.T.);
#1026=ORIENTED_EDGE('',*,*,#1559,.F.);
#1027=ORIENTED_EDGE('',*,*,#1560,.T.);
#1028=ORIENTED_EDGE('',*,*,#1561,.F.);
#1029=ORIENTED_EDGE('',*,*,#1562,.T.);
#1030=ORIENTED_EDGE('',*,*,#1563,.F.);
#1031=ORIENTED_EDGE('',*,*,#1480,.T.);
#1032=ORIENTED_EDGE('',*,*,#1564,.F.);
#1033=ORIENTED_EDGE('',*,*,#1565,.T.);
#1034=ORIENTED_EDGE('',*,*,#1566,.F.);
#1035=ORIENTED_EDGE('',*,*,#1474,.T.);
#1036=ORIENTED_EDGE('',*,*,#1567,.F.);
#1037=ORIENTED_EDGE('',*,*,#1568,.T.);
#1038=ORIENTED_EDGE('',*,*,#1569,.F.);
#1039=ORIENTED_EDGE('',*,*,#1570,.T.);
#1040=ORIENTED_EDGE('',*,*,#1571,.F.);
#1041=ORIENTED_EDGE('',*,*,#1572,.T.);
#1042=ORIENTED_EDGE('',*,*,#1573,.F.);
#1043=ORIENTED_EDGE('',*,*,#1574,.T.);
#1044=ORIENTED_EDGE('',*,*,#1575,.F.);
#1045=ORIENTED_EDGE('',*,*,#1492,.T.);
#1046=ORIENTED_EDGE('',*,*,#1576,.F.);
#1047=ORIENTED_EDGE('',*,*,#1577,.T.);
#1048=ORIENTED_EDGE('',*,*,#1578,.F.);
#1049=ORIENTED_EDGE('',*,*,#1486,.T.);
#1050=ORIENTED_EDGE('',*,*,#1579,.F.);
#1051=ORIENTED_EDGE('',*,*,#1580,.T.);
#1052=ORIENTED_EDGE('',*,*,#1463,.T.);
#1053=ORIENTED_EDGE('',*,*,#1551,.T.);
#1054=ORIENTED_EDGE('',*,*,#1581,.F.);
#1055=ORIENTED_EDGE('',*,*,#1509,.T.);
#1056=ORIENTED_EDGE('',*,*,#1582,.T.);
#1057=ORIENTED_EDGE('',*,*,#1549,.T.);
#1058=ORIENTED_EDGE('',*,*,#1467,.F.);
#1059=ORIENTED_EDGE('',*,*,#1511,.T.);
#1060=ORIENTED_EDGE('',*,*,#1469,.T.);
#1061=ORIENTED_EDGE('',*,*,#1548,.T.);
#1062=ORIENTED_EDGE('',*,*,#1583,.F.);
#1063=ORIENTED_EDGE('',*,*,#1506,.T.);
#1064=ORIENTED_EDGE('',*,*,#1584,.F.);
#1065=ORIENTED_EDGE('',*,*,#1472,.F.);
#1066=ORIENTED_EDGE('',*,*,#1476,.F.);
#1067=ORIENTED_EDGE('',*,*,#1585,.F.);
#1068=ORIENTED_EDGE('',*,*,#1586,.F.);
#1069=ORIENTED_EDGE('',*,*,#1587,.F.);
#1070=ORIENTED_EDGE('',*,*,#1478,.F.);
#1071=ORIENTED_EDGE('',*,*,#1482,.F.);
#1072=ORIENTED_EDGE('',*,*,#1588,.F.);
#1073=ORIENTED_EDGE('',*,*,#1589,.F.);
#1074=ORIENTED_EDGE('',*,*,#1590,.T.);
#1075=ORIENTED_EDGE('',*,*,#1561,.T.);
#1076=ORIENTED_EDGE('',*,*,#1473,.F.);
#1077=ORIENTED_EDGE('',*,*,#1584,.T.);
#1078=ORIENTED_EDGE('',*,*,#1475,.T.);
#1079=ORIENTED_EDGE('',*,*,#1566,.T.);
#1080=ORIENTED_EDGE('',*,*,#1591,.F.);
#1081=ORIENTED_EDGE('',*,*,#1585,.T.);
#1082=ORIENTED_EDGE('',*,*,#1592,.T.);
#1083=ORIENTED_EDGE('',*,*,#1564,.T.);
#1084=ORIENTED_EDGE('',*,*,#1479,.F.);
#1085=ORIENTED_EDGE('',*,*,#1587,.T.);
#1086=ORIENTED_EDGE('',*,*,#1481,.T.);
#1087=ORIENTED_EDGE('',*,*,#1563,.T.);
#1088=ORIENTED_EDGE('',*,*,#1593,.F.);
#1089=ORIENTED_EDGE('',*,*,#1588,.T.);
#1090=ORIENTED_EDGE('',*,*,#1594,.F.);
#1091=ORIENTED_EDGE('',*,*,#1595,.F.);
#1092=ORIENTED_EDGE('',*,*,#1596,.F.);
#1093=ORIENTED_EDGE('',*,*,#1484,.F.);
#1094=ORIENTED_EDGE('',*,*,#1488,.F.);
#1095=ORIENTED_EDGE('',*,*,#1597,.F.);
#1096=ORIENTED_EDGE('',*,*,#1598,.F.);
#1097=ORIENTED_EDGE('',*,*,#1599,.F.);
#1098=ORIENTED_EDGE('',*,*,#1490,.F.);
#1099=ORIENTED_EDGE('',*,*,#1494,.F.);
#1100=ORIENTED_EDGE('',*,*,#1600,.T.);
#1101=ORIENTED_EDGE('',*,*,#1579,.T.);
#1102=ORIENTED_EDGE('',*,*,#1485,.F.);
#1103=ORIENTED_EDGE('',*,*,#1596,.T.);
#1104=ORIENTED_EDGE('',*,*,#1487,.T.);
#1105=ORIENTED_EDGE('',*,*,#1578,.T.);
#1106=ORIENTED_EDGE('',*,*,#1601,.F.);
#1107=ORIENTED_EDGE('',*,*,#1597,.T.);
#1108=ORIENTED_EDGE('',*,*,#1602,.T.);
#1109=ORIENTED_EDGE('',*,*,#1576,.T.);
#1110=ORIENTED_EDGE('',*,*,#1491,.F.);
#1111=ORIENTED_EDGE('',*,*,#1599,.T.);
#1112=ORIENTED_EDGE('',*,*,#1493,.T.);
#1113=ORIENTED_EDGE('',*,*,#1575,.T.);
#1114=ORIENTED_EDGE('',*,*,#1603,.F.);
#1115=ORIENTED_EDGE('',*,*,#1594,.T.);
#1116=ORIENTED_EDGE('',*,*,#1604,.F.);
#1117=ORIENTED_EDGE('',*,*,#1605,.T.);
#1118=ORIENTED_EDGE('',*,*,#1495,.T.);
#1119=ORIENTED_EDGE('',*,*,#1523,.T.);
#1120=ORIENTED_EDGE('',*,*,#1606,.F.);
#1121=ORIENTED_EDGE('',*,*,#1607,.F.);
#1122=ORIENTED_EDGE('',*,*,#1608,.F.);
#1123=ORIENTED_EDGE('',*,*,#1609,.F.);
#1124=ORIENTED_EDGE('',*,*,#1610,.F.);
#1125=ORIENTED_EDGE('',*,*,#1496,.F.);
#1126=ORIENTED_EDGE('',*,*,#1605,.F.);
#1127=ORIENTED_EDGE('',*,*,#1611,.F.);
#1128=ORIENTED_EDGE('',*,*,#1612,.T.);
#1129=ORIENTED_EDGE('',*,*,#1524,.T.);
#1130=ORIENTED_EDGE('',*,*,#1497,.F.);
#1131=ORIENTED_EDGE('',*,*,#1610,.T.);
#1132=ORIENTED_EDGE('',*,*,#1613,.T.);
#1133=ORIENTED_EDGE('',*,*,#1614,.F.);
#1134=ORIENTED_EDGE('',*,*,#1501,.F.);
#1135=ORIENTED_EDGE('',*,*,#1505,.F.);
#1136=ORIENTED_EDGE('',*,*,#1615,.F.);
#1137=ORIENTED_EDGE('',*,*,#1616,.F.);
#1138=ORIENTED_EDGE('',*,*,#1617,.F.);
#1139=ORIENTED_EDGE('',*,*,#1618,.F.);
#1140=ORIENTED_EDGE('',*,*,#1619,.F.);
#1141=ORIENTED_EDGE('',*,*,#1620,.F.);
#1142=ORIENTED_EDGE('',*,*,#1621,.F.);
#1143=ORIENTED_EDGE('',*,*,#1622,.T.);
#1144=ORIENTED_EDGE('',*,*,#1541,.T.);
#1145=ORIENTED_EDGE('',*,*,#1502,.F.);
#1146=ORIENTED_EDGE('',*,*,#1614,.T.);
#1147=ORIENTED_EDGE('',*,*,#1504,.T.);
#1148=ORIENTED_EDGE('',*,*,#1547,.T.);
#1149=ORIENTED_EDGE('',*,*,#1623,.F.);
#1150=ORIENTED_EDGE('',*,*,#1615,.T.);
#1151=ORIENTED_EDGE('',*,*,#1583,.T.);
#1152=ORIENTED_EDGE('',*,*,#1552,.F.);
#1153=ORIENTED_EDGE('',*,*,#1512,.F.);
#1154=ORIENTED_EDGE('',*,*,#1507,.T.);
#1155=ORIENTED_EDGE('',*,*,#1582,.F.);
#1156=ORIENTED_EDGE('',*,*,#1510,.T.);
#1157=ORIENTED_EDGE('',*,*,#1581,.T.);
#1158=ORIENTED_EDGE('',*,*,#1550,.F.);
#1159=ORIENTED_EDGE('',*,*,#1624,.T.);
#1160=ORIENTED_EDGE('',*,*,#1514,.T.);
#1161=ORIENTED_EDGE('',*,*,#1625,.T.);
#1162=ORIENTED_EDGE('',*,*,#1626,.F.);
#1163=ORIENTED_EDGE('',*,*,#1627,.F.);
#1164=ORIENTED_EDGE('',*,*,#1515,.F.);
#1165=ORIENTED_EDGE('',*,*,#1624,.F.);
#1166=ORIENTED_EDGE('',*,*,#1628,.F.);
#1167=ORIENTED_EDGE('',*,*,#1629,.F.);
#1168=ORIENTED_EDGE('',*,*,#1627,.T.);
#1169=ORIENTED_EDGE('',*,*,#1630,.T.);
#1170=ORIENTED_EDGE('',*,*,#1631,.T.);
#1171=ORIENTED_EDGE('',*,*,#1632,.T.);
#1172=ORIENTED_EDGE('',*,*,#1633,.T.);
#1173=ORIENTED_EDGE('',*,*,#1634,.T.);
#1174=ORIENTED_EDGE('',*,*,#1635,.T.);
#1175=ORIENTED_EDGE('',*,*,#1516,.T.);
#1176=ORIENTED_EDGE('',*,*,#1635,.F.);
#1177=ORIENTED_EDGE('',*,*,#1636,.F.);
#1178=ORIENTED_EDGE('',*,*,#1637,.F.);
#1179=ORIENTED_EDGE('',*,*,#1517,.T.);
#1180=ORIENTED_EDGE('',*,*,#1638,.F.);
#1181=ORIENTED_EDGE('',*,*,#1637,.T.);
#1182=ORIENTED_EDGE('',*,*,#1639,.F.);
#1183=ORIENTED_EDGE('',*,*,#1640,.T.);
#1184=ORIENTED_EDGE('',*,*,#1518,.T.);
#1185=ORIENTED_EDGE('',*,*,#1641,.T.);
#1186=ORIENTED_EDGE('',*,*,#1642,.F.);
#1187=ORIENTED_EDGE('',*,*,#1608,.T.);
#1188=ORIENTED_EDGE('',*,*,#1643,.T.);
#1189=ORIENTED_EDGE('',*,*,#1519,.T.);
#1190=ORIENTED_EDGE('',*,*,#1644,.T.);
#1191=ORIENTED_EDGE('',*,*,#1520,.F.);
#1192=ORIENTED_EDGE('',*,*,#1643,.F.);
#1193=ORIENTED_EDGE('',*,*,#1607,.T.);
#1194=ORIENTED_EDGE('',*,*,#1644,.F.);
#1195=ORIENTED_EDGE('',*,*,#1606,.T.);
#1196=ORIENTED_EDGE('',*,*,#1645,.T.);
#1197=ORIENTED_EDGE('',*,*,#1521,.T.);
#1198=ORIENTED_EDGE('',*,*,#1645,.F.);
#1199=ORIENTED_EDGE('',*,*,#1611,.T.);
#1200=ORIENTED_EDGE('',*,*,#1604,.T.);
#1201=ORIENTED_EDGE('',*,*,#1522,.F.);
#1202=ORIENTED_EDGE('',*,*,#1602,.F.);
#1203=ORIENTED_EDGE('',*,*,#1598,.T.);
#1204=ORIENTED_EDGE('',*,*,#1601,.T.);
#1205=ORIENTED_EDGE('',*,*,#1577,.F.);
#1206=ORIENTED_EDGE('',*,*,#1603,.T.);
#1207=ORIENTED_EDGE('',*,*,#1580,.F.);
#1208=ORIENTED_EDGE('',*,*,#1600,.F.);
#1209=ORIENTED_EDGE('',*,*,#1595,.T.);
#1210=ORIENTED_EDGE('',*,*,#1646,.T.);
#1211=ORIENTED_EDGE('',*,*,#1567,.T.);
#1212=ORIENTED_EDGE('',*,*,#1647,.F.);
#1213=ORIENTED_EDGE('',*,*,#1648,.T.);
#1214=ORIENTED_EDGE('',*,*,#1646,.F.);
#1215=ORIENTED_EDGE('',*,*,#1649,.T.);
#1216=ORIENTED_EDGE('',*,*,#1650,.T.);
#1217=ORIENTED_EDGE('',*,*,#1568,.F.);
#1218=ORIENTED_EDGE('',*,*,#1651,.T.);
#1219=ORIENTED_EDGE('',*,*,#1569,.T.);
#1220=ORIENTED_EDGE('',*,*,#1650,.F.);
#1221=ORIENTED_EDGE('',*,*,#1652,.T.);
#1222=ORIENTED_EDGE('',*,*,#1653,.T.);
#1223=ORIENTED_EDGE('',*,*,#1654,.T.);
#1224=ORIENTED_EDGE('',*,*,#1655,.T.);
#1225=ORIENTED_EDGE('',*,*,#1570,.F.);
#1226=ORIENTED_EDGE('',*,*,#1651,.F.);
#1227=ORIENTED_EDGE('',*,*,#1656,.T.);
#1228=ORIENTED_EDGE('',*,*,#1657,.T.);
#1229=ORIENTED_EDGE('',*,*,#1571,.T.);
#1230=ORIENTED_EDGE('',*,*,#1655,.F.);
#1231=ORIENTED_EDGE('',*,*,#1658,.T.);
#1232=ORIENTED_EDGE('',*,*,#1659,.T.);
#1233=ORIENTED_EDGE('',*,*,#1572,.F.);
#1234=ORIENTED_EDGE('',*,*,#1657,.F.);
#1235=ORIENTED_EDGE('',*,*,#1660,.T.);
#1236=ORIENTED_EDGE('',*,*,#1661,.T.);
#1237=ORIENTED_EDGE('',*,*,#1573,.T.);
#1238=ORIENTED_EDGE('',*,*,#1659,.F.);
#1239=ORIENTED_EDGE('',*,*,#1662,.T.);
#1240=ORIENTED_EDGE('',*,*,#1647,.T.);
#1241=ORIENTED_EDGE('',*,*,#1574,.F.);
#1242=ORIENTED_EDGE('',*,*,#1661,.F.);
#1243=ORIENTED_EDGE('',*,*,#1663,.T.);
#1244=ORIENTED_EDGE('',*,*,#1590,.F.);
#1245=ORIENTED_EDGE('',*,*,#1589,.T.);
#1246=ORIENTED_EDGE('',*,*,#1593,.T.);
#1247=ORIENTED_EDGE('',*,*,#1562,.F.);
#1248=ORIENTED_EDGE('',*,*,#1591,.T.);
#1249=ORIENTED_EDGE('',*,*,#1565,.F.);
#1250=ORIENTED_EDGE('',*,*,#1592,.F.);
#1251=ORIENTED_EDGE('',*,*,#1586,.T.);
#1252=ORIENTED_EDGE('',*,*,#1664,.T.);
#1253=ORIENTED_EDGE('',*,*,#1529,.T.);
#1254=ORIENTED_EDGE('',*,*,#1665,.F.);
#1255=ORIENTED_EDGE('',*,*,#1666,.T.);
#1256=ORIENTED_EDGE('',*,*,#1664,.F.);
#1257=ORIENTED_EDGE('',*,*,#1667,.T.);
#1258=ORIENTED_EDGE('',*,*,#1668,.T.);
#1259=ORIENTED_EDGE('',*,*,#1530,.F.);
#1260=ORIENTED_EDGE('',*,*,#1669,.T.);
#1261=ORIENTED_EDGE('',*,*,#1531,.T.);
#1262=ORIENTED_EDGE('',*,*,#1668,.F.);
#1263=ORIENTED_EDGE('',*,*,#1670,.T.);
#1264=ORIENTED_EDGE('',*,*,#1671,.T.);
#1265=ORIENTED_EDGE('',*,*,#1532,.F.);
#1266=ORIENTED_EDGE('',*,*,#1669,.F.);
#1267=ORIENTED_EDGE('',*,*,#1672,.T.);
#1268=ORIENTED_EDGE('',*,*,#1673,.T.);
#1269=ORIENTED_EDGE('',*,*,#1674,.T.);
#1270=ORIENTED_EDGE('',*,*,#1675,.F.);
#1271=ORIENTED_EDGE('',*,*,#1676,.T.);
#1272=ORIENTED_EDGE('',*,*,#1677,.T.);
#1273=ORIENTED_EDGE('',*,*,#1526,.F.);
#1274=ORIENTED_EDGE('',*,*,#1678,.T.);
#1275=ORIENTED_EDGE('',*,*,#1527,.T.);
#1276=ORIENTED_EDGE('',*,*,#1677,.F.);
#1277=ORIENTED_EDGE('',*,*,#1679,.T.);
#1278=ORIENTED_EDGE('',*,*,#1680,.T.);
#1279=ORIENTED_EDGE('',*,*,#1681,.T.);
#1280=ORIENTED_EDGE('',*,*,#1665,.T.);
#1281=ORIENTED_EDGE('',*,*,#1528,.F.);
#1282=ORIENTED_EDGE('',*,*,#1678,.F.);
#1283=ORIENTED_EDGE('',*,*,#1682,.T.);
#1284=ORIENTED_EDGE('',*,*,#1683,.T.);
#1285=ORIENTED_EDGE('',*,*,#1553,.T.);
#1286=ORIENTED_EDGE('',*,*,#1684,.F.);
#1287=ORIENTED_EDGE('',*,*,#1685,.T.);
#1288=ORIENTED_EDGE('',*,*,#1683,.F.);
#1289=ORIENTED_EDGE('',*,*,#1686,.T.);
#1290=ORIENTED_EDGE('',*,*,#1687,.T.);
#1291=ORIENTED_EDGE('',*,*,#1554,.F.);
#1292=ORIENTED_EDGE('',*,*,#1688,.T.);
#1293=ORIENTED_EDGE('',*,*,#1555,.T.);
#1294=ORIENTED_EDGE('',*,*,#1687,.F.);
#1295=ORIENTED_EDGE('',*,*,#1689,.T.);
#1296=ORIENTED_EDGE('',*,*,#1690,.T.);
#1297=ORIENTED_EDGE('',*,*,#1691,.T.);
#1298=ORIENTED_EDGE('',*,*,#1692,.T.);
#1299=ORIENTED_EDGE('',*,*,#1556,.F.);
#1300=ORIENTED_EDGE('',*,*,#1688,.F.);
#1301=ORIENTED_EDGE('',*,*,#1693,.T.);
#1302=ORIENTED_EDGE('',*,*,#1694,.T.);
#1303=ORIENTED_EDGE('',*,*,#1557,.T.);
#1304=ORIENTED_EDGE('',*,*,#1692,.F.);
#1305=ORIENTED_EDGE('',*,*,#1695,.T.);
#1306=ORIENTED_EDGE('',*,*,#1696,.T.);
#1307=ORIENTED_EDGE('',*,*,#1558,.F.);
#1308=ORIENTED_EDGE('',*,*,#1694,.F.);
#1309=ORIENTED_EDGE('',*,*,#1697,.T.);
#1310=ORIENTED_EDGE('',*,*,#1698,.T.);
#1311=ORIENTED_EDGE('',*,*,#1559,.T.);
#1312=ORIENTED_EDGE('',*,*,#1696,.F.);
#1313=ORIENTED_EDGE('',*,*,#1699,.T.);
#1314=ORIENTED_EDGE('',*,*,#1700,.T.);
#1315=ORIENTED_EDGE('',*,*,#1701,.T.);
#1316=ORIENTED_EDGE('',*,*,#1684,.T.);
#1317=ORIENTED_EDGE('',*,*,#1560,.F.);
#1318=ORIENTED_EDGE('',*,*,#1698,.F.);
#1319=ORIENTED_EDGE('',*,*,#1702,.T.);
#1320=ORIENTED_EDGE('',*,*,#1703,.T.);
#1321=ORIENTED_EDGE('',*,*,#1620,.T.);
#1322=ORIENTED_EDGE('',*,*,#1704,.T.);
#1323=ORIENTED_EDGE('',*,*,#1542,.F.);
#1324=ORIENTED_EDGE('',*,*,#1622,.F.);
#1325=ORIENTED_EDGE('',*,*,#1621,.T.);
#1326=ORIENTED_EDGE('',*,*,#1705,.T.);
#1327=ORIENTED_EDGE('',*,*,#1706,.T.);
#1328=ORIENTED_EDGE('',*,*,#1543,.T.);
#1329=ORIENTED_EDGE('',*,*,#1704,.F.);
#1330=ORIENTED_EDGE('',*,*,#1619,.T.);
#1331=ORIENTED_EDGE('',*,*,#1706,.F.);
#1332=ORIENTED_EDGE('',*,*,#1618,.T.);
#1333=ORIENTED_EDGE('',*,*,#1707,.T.);
#1334=ORIENTED_EDGE('',*,*,#1544,.F.);
#1335=ORIENTED_EDGE('',*,*,#1708,.T.);
#1336=ORIENTED_EDGE('',*,*,#1545,.T.);
#1337=ORIENTED_EDGE('',*,*,#1707,.F.);
#1338=ORIENTED_EDGE('',*,*,#1617,.T.);
#1339=ORIENTED_EDGE('',*,*,#1623,.T.);
#1340=ORIENTED_EDGE('',*,*,#1546,.F.);
#1341=ORIENTED_EDGE('',*,*,#1708,.F.);
#1342=ORIENTED_EDGE('',*,*,#1616,.T.);
#1343=ORIENTED_EDGE('',*,*,#1709,.T.);
#1344=ORIENTED_EDGE('',*,*,#1533,.T.);
#1345=ORIENTED_EDGE('',*,*,#1710,.F.);
#1346=ORIENTED_EDGE('',*,*,#1711,.T.);
#1347=ORIENTED_EDGE('',*,*,#1709,.F.);
#1348=ORIENTED_EDGE('',*,*,#1712,.T.);
#1349=ORIENTED_EDGE('',*,*,#1713,.T.);
#1350=ORIENTED_EDGE('',*,*,#1534,.F.);
#1351=ORIENTED_EDGE('',*,*,#1714,.T.);
#1352=ORIENTED_EDGE('',*,*,#1535,.T.);
#1353=ORIENTED_EDGE('',*,*,#1713,.F.);
#1354=ORIENTED_EDGE('',*,*,#1715,.T.);
#1355=ORIENTED_EDGE('',*,*,#1714,.F.);
#1356=ORIENTED_EDGE('',*,*,#1716,.T.);
#1357=ORIENTED_EDGE('',*,*,#1717,.T.);
#1358=ORIENTED_EDGE('',*,*,#1536,.F.);
#1359=ORIENTED_EDGE('',*,*,#1718,.T.);
#1360=ORIENTED_EDGE('',*,*,#1537,.T.);
#1361=ORIENTED_EDGE('',*,*,#1717,.F.);
#1362=ORIENTED_EDGE('',*,*,#1719,.T.);
#1363=ORIENTED_EDGE('',*,*,#1720,.T.);
#1364=ORIENTED_EDGE('',*,*,#1721,.T.);
#1365=ORIENTED_EDGE('',*,*,#1722,.T.);
#1366=ORIENTED_EDGE('',*,*,#1723,.T.);
#1367=ORIENTED_EDGE('',*,*,#1538,.F.);
#1368=ORIENTED_EDGE('',*,*,#1718,.F.);
#1369=ORIENTED_EDGE('',*,*,#1724,.T.);
#1370=ORIENTED_EDGE('',*,*,#1725,.T.);
#1371=ORIENTED_EDGE('',*,*,#1539,.T.);
#1372=ORIENTED_EDGE('',*,*,#1723,.F.);
#1373=ORIENTED_EDGE('',*,*,#1726,.T.);
#1374=ORIENTED_EDGE('',*,*,#1727,.T.);
#1375=ORIENTED_EDGE('',*,*,#1728,.T.);
#1376=ORIENTED_EDGE('',*,*,#1710,.T.);
#1377=ORIENTED_EDGE('',*,*,#1540,.F.);
#1378=ORIENTED_EDGE('',*,*,#1725,.F.);
#1379=ORIENTED_EDGE('',*,*,#1729,.T.);
#1380=ORIENTED_EDGE('',*,*,#1632,.F.);
#1381=ORIENTED_EDGE('',*,*,#1613,.F.);
#1382=ORIENTED_EDGE('',*,*,#1609,.T.);
#1383=ORIENTED_EDGE('',*,*,#1642,.T.);
#1384=ORIENTED_EDGE('',*,*,#1612,.F.);
#1385=ORIENTED_EDGE('',*,*,#1631,.F.);
#1386=ORIENTED_EDGE('',*,*,#1730,.F.);
#1387=ORIENTED_EDGE('',*,*,#1625,.F.);
#1388=ORIENTED_EDGE('',*,*,#1731,.T.);
#1389=ORIENTED_EDGE('',*,*,#1628,.T.);
#1390=ORIENTED_EDGE('',*,*,#1626,.T.);
#1391=ORIENTED_EDGE('',*,*,#1730,.T.);
#1392=ORIENTED_EDGE('',*,*,#1630,.F.);
#1393=ORIENTED_EDGE('',*,*,#1731,.F.);
#1394=ORIENTED_EDGE('',*,*,#1629,.T.);
#1395=ORIENTED_EDGE('',*,*,#1732,.F.);
#1396=ORIENTED_EDGE('',*,*,#1633,.F.);
#1397=ORIENTED_EDGE('',*,*,#1641,.F.);
#1398=ORIENTED_EDGE('',*,*,#1640,.F.);
#1399=ORIENTED_EDGE('',*,*,#1733,.T.);
#1400=ORIENTED_EDGE('',*,*,#1634,.F.);
#1401=ORIENTED_EDGE('',*,*,#1732,.T.);
#1402=ORIENTED_EDGE('',*,*,#1639,.T.);
#1403=ORIENTED_EDGE('',*,*,#1636,.T.);
#1404=ORIENTED_EDGE('',*,*,#1638,.T.);
#1405=ORIENTED_EDGE('',*,*,#1733,.F.);
#1406=ORIENTED_EDGE('',*,*,#1648,.F.);
#1407=ORIENTED_EDGE('',*,*,#1663,.F.);
#1408=ORIENTED_EDGE('',*,*,#1662,.F.);
#1409=ORIENTED_EDGE('',*,*,#1660,.F.);
#1410=ORIENTED_EDGE('',*,*,#1658,.F.);
#1411=ORIENTED_EDGE('',*,*,#1654,.F.);
#1412=ORIENTED_EDGE('',*,*,#1656,.F.);
#1413=ORIENTED_EDGE('',*,*,#1652,.F.);
#1414=ORIENTED_EDGE('',*,*,#1649,.F.);
#1415=ORIENTED_EDGE('',*,*,#1653,.F.);
#1416=ORIENTED_EDGE('',*,*,#1680,.F.);
#1417=ORIENTED_EDGE('',*,*,#1734,.F.);
#1418=ORIENTED_EDGE('',*,*,#1674,.F.);
#1419=ORIENTED_EDGE('',*,*,#1672,.F.);
#1420=ORIENTED_EDGE('',*,*,#1670,.F.);
#1421=ORIENTED_EDGE('',*,*,#1667,.F.);
#1422=ORIENTED_EDGE('',*,*,#1666,.F.);
#1423=ORIENTED_EDGE('',*,*,#1681,.F.);
#1424=ORIENTED_EDGE('',*,*,#1682,.F.);
#1425=ORIENTED_EDGE('',*,*,#1679,.F.);
#1426=ORIENTED_EDGE('',*,*,#1676,.F.);
#1427=ORIENTED_EDGE('',*,*,#1673,.F.);
#1428=ORIENTED_EDGE('',*,*,#1700,.F.);
#1429=ORIENTED_EDGE('',*,*,#1685,.F.);
#1430=ORIENTED_EDGE('',*,*,#1701,.F.);
#1431=ORIENTED_EDGE('',*,*,#1702,.F.);
#1432=ORIENTED_EDGE('',*,*,#1699,.F.);
#1433=ORIENTED_EDGE('',*,*,#1697,.F.);
#1434=ORIENTED_EDGE('',*,*,#1695,.F.);
#1435=ORIENTED_EDGE('',*,*,#1691,.F.);
#1436=ORIENTED_EDGE('',*,*,#1693,.F.);
#1437=ORIENTED_EDGE('',*,*,#1689,.F.);
#1438=ORIENTED_EDGE('',*,*,#1686,.F.);
#1439=ORIENTED_EDGE('',*,*,#1690,.F.);
#1440=ORIENTED_EDGE('',*,*,#1727,.F.);
#1441=ORIENTED_EDGE('',*,*,#1720,.F.);
#1442=ORIENTED_EDGE('',*,*,#1721,.F.);
#1443=ORIENTED_EDGE('',*,*,#1705,.F.);
#1444=ORIENTED_EDGE('',*,*,#1703,.F.);
#1445=ORIENTED_EDGE('',*,*,#1711,.F.);
#1446=ORIENTED_EDGE('',*,*,#1728,.F.);
#1447=ORIENTED_EDGE('',*,*,#1729,.F.);
#1448=ORIENTED_EDGE('',*,*,#1726,.F.);
#1449=ORIENTED_EDGE('',*,*,#1722,.F.);
#1450=ORIENTED_EDGE('',*,*,#1724,.F.);
#1451=ORIENTED_EDGE('',*,*,#1719,.F.);
#1452=ORIENTED_EDGE('',*,*,#1716,.F.);
#1453=ORIENTED_EDGE('',*,*,#1715,.F.);
#1454=ORIENTED_EDGE('',*,*,#1712,.F.);
#1455=ORIENTED_EDGE('',*,*,#1675,.T.);
#1456=ORIENTED_EDGE('',*,*,#1525,.T.);
#1457=ORIENTED_EDGE('',*,*,#1671,.F.);
#1458=ORIENTED_EDGE('',*,*,#1734,.T.);
#1459=EDGE_CURVE('',#1735,#1735,#1736,.T.);
#1460=EDGE_CURVE('',#1735,#1737,#1738,.F.);
#1461=EDGE_CURVE('',#1737,#1739,#1740,.T.);
#1462=EDGE_CURVE('',#1741,#1739,#1742,.F.);
#1463=EDGE_CURVE('',#1743,#1741,#1744,.T.);
#1464=EDGE_CURVE('',#1743,#1735,#1745,.F.);
#1465=EDGE_CURVE('',#1746,#1746,#1747,.F.);
#1466=EDGE_CURVE('',#1746,#1748,#1749,.F.);
#1467=EDGE_CURVE('',#1748,#1750,#1751,.T.);
#1468=EDGE_CURVE('',#1752,#1750,#1753,.F.);
#1469=EDGE_CURVE('',#1754,#1752,#1755,.T.);
#1470=EDGE_CURVE('',#1754,#1746,#1756,.F.);
#1471=EDGE_CURVE('',#1757,#1757,#1758,.T.);
#1472=EDGE_CURVE('',#1757,#1759,#1760,.F.);
#1473=EDGE_CURVE('',#1759,#1761,#1762,.T.);
#1474=EDGE_CURVE('',#1763,#1761,#1764,.F.);
#1475=EDGE_CURVE('',#1765,#1763,#1766,.T.);
#1476=EDGE_CURVE('',#1765,#1757,#1767,.F.);
#1477=EDGE_CURVE('',#1768,#1768,#1769,.F.);
#1478=EDGE_CURVE('',#1768,#1770,#1771,.F.);
#1479=EDGE_CURVE('',#1770,#1772,#1773,.T.);
#1480=EDGE_CURVE('',#1774,#1772,#1775,.F.);
#1481=EDGE_CURVE('',#1776,#1774,#1777,.T.);
#1482=EDGE_CURVE('',#1776,#1768,#1778,.F.);
#1483=EDGE_CURVE('',#1779,#1779,#1780,.T.);
#1484=EDGE_CURVE('',#1779,#1781,#1782,.F.);
#1485=EDGE_CURVE('',#1781,#1783,#1784,.T.);
#1486=EDGE_CURVE('',#1785,#1783,#1786,.F.);
#1487=EDGE_CURVE('',#1787,#1785,#1788,.T.);
#1488=EDGE_CURVE('',#1787,#1779,#1789,.F.);
#1489=EDGE_CURVE('',#1790,#1790,#1791,.F.);
#1490=EDGE_CURVE('',#1790,#1792,#1793,.F.);
#1491=EDGE_CURVE('',#1792,#1794,#1795,.T.);
#1492=EDGE_CURVE('',#1796,#1794,#1797,.F.);
#1493=EDGE_CURVE('',#1798,#1796,#1799,.T.);
#1494=EDGE_CURVE('',#1798,#1790,#1800,.F.);
#1495=EDGE_CURVE('',#1801,#1802,#1803,.T.);
#1496=EDGE_CURVE('',#1801,#1804,#1805,.T.);
#1497=EDGE_CURVE('',#1804,#1806,#1807,.T.);
#1498=EDGE_CURVE('',#1802,#1806,#1808,.T.);
#1499=EDGE_CURVE('',#1809,#1809,#1810,.T.);
#1500=EDGE_CURVE('',#1811,#1811,#1812,.F.);
#1501=EDGE_CURVE('',#1811,#1813,#1814,.F.);
#1502=EDGE_CURVE('',#1813,#1815,#1816,.T.);
#1503=EDGE_CURVE('',#1817,#1815,#1818,.F.);
#1504=EDGE_CURVE('',#1819,#1817,#1820,.T.);
#1505=EDGE_CURVE('',#1819,#1811,#1821,.F.);
#1506=EDGE_CURVE('',#1822,#1754,#1823,.F.);
#1507=EDGE_CURVE('',#1824,#1822,#1825,.F.);
#1508=EDGE_CURVE('',#1737,#1824,#1826,.F.);
#1509=EDGE_CURVE('',#1827,#1743,#1828,.F.);
#1510=EDGE_CURVE('',#1829,#1827,#1830,.F.);
#1511=EDGE_CURVE('',#1748,#1829,#1831,.F.);
#1512=EDGE_CURVE('',#1824,#1832,#1833,.T.);
#1513=EDGE_CURVE('',#1832,#1739,#1834,.F.);
#1514=EDGE_CURVE('',#1835,#1836,#1837,.T.);
#1515=EDGE_CURVE('',#1835,#1838,#1839,.T.);
#1516=EDGE_CURVE('',#1840,#1838,#1841,.T.);
#1517=EDGE_CURVE('',#1842,#1840,#1843,.T.);
#1518=EDGE_CURVE('',#1844,#1842,#1845,.T.);
#1519=EDGE_CURVE('',#1846,#1844,#1847,.F.);
#1520=EDGE_CURVE('',#1846,#1848,#1849,.T.);
#1521=EDGE_CURVE('',#1850,#1848,#1851,.F.);
#1522=EDGE_CURVE('',#1850,#1852,#1853,.T.);
#1523=EDGE_CURVE('',#1802,#1852,#1854,.F.);
#1524=EDGE_CURVE('',#1836,#1806,#1855,.F.);
#1525=EDGE_CURVE('',#1856,#1857,#1858,.F.);
#1526=EDGE_CURVE('',#1856,#1859,#1860,.F.);
#1527=EDGE_CURVE('',#1861,#1859,#1862,.F.);
#1528=EDGE_CURVE('',#1861,#1863,#1864,.F.);
#1529=EDGE_CURVE('',#1865,#1863,#1866,.F.);
#1530=EDGE_CURVE('',#1865,#1867,#1868,.F.);
#1531=EDGE_CURVE('',#1869,#1867,#1870,.F.);
#1532=EDGE_CURVE('',#1869,#1857,#1871,.F.);
#1533=EDGE_CURVE('',#1872,#1873,#1874,.F.);
#1534=EDGE_CURVE('',#1872,#1875,#1876,.F.);
#1535=EDGE_CURVE('',#1877,#1875,#1878,.F.);
#1536=EDGE_CURVE('',#1877,#1879,#1880,.F.);
#1537=EDGE_CURVE('',#1881,#1879,#1882,.F.);
#1538=EDGE_CURVE('',#1881,#1883,#1884,.F.);
#1539=EDGE_CURVE('',#1885,#1883,#1886,.F.);
#1540=EDGE_CURVE('',#1885,#1873,#1887,.F.);
#1541=EDGE_CURVE('',#1888,#1815,#1889,.F.);
#1542=EDGE_CURVE('',#1888,#1890,#1891,.F.);
#1543=EDGE_CURVE('',#1892,#1890,#1893,.F.);
#1544=EDGE_CURVE('',#1892,#1894,#1895,.F.);
#1545=EDGE_CURVE('',#1896,#1894,#1897,.F.);
#1546=EDGE_CURVE('',#1896,#1898,#1899,.F.);
#1547=EDGE_CURVE('',#1817,#1898,#1900,.F.);
#1548=EDGE_CURVE('',#1752,#1901,#1902,.F.);
#1549=EDGE_CURVE('',#1903,#1750,#1904,.F.);
#1550=EDGE_CURVE('',#1903,#1905,#1906,.F.);
#1551=EDGE_CURVE('',#1741,#1905,#1907,.F.);
#1552=EDGE_CURVE('',#1832,#1901,#1908,.F.);
#1553=EDGE_CURVE('',#1909,#1910,#1911,.F.);
#1554=EDGE_CURVE('',#1909,#1912,#1913,.F.);
#1555=EDGE_CURVE('',#1914,#1912,#1915,.F.);
#1556=EDGE_CURVE('',#1914,#1916,#1917,.F.);
#1557=EDGE_CURVE('',#1918,#1916,#1919,.F.);
#1558=EDGE_CURVE('',#1918,#1920,#1921,.F.);
#1559=EDGE_CURVE('',#1922,#1920,#1923,.F.);
#1560=EDGE_CURVE('',#1922,#1910,#1924,.F.);
#1561=EDGE_CURVE('',#1925,#1761,#1926,.F.);
#1562=EDGE_CURVE('',#1925,#1927,#1928,.F.);
#1563=EDGE_CURVE('',#1774,#1927,#1929,.F.);
#1564=EDGE_CURVE('',#1930,#1772,#1931,.F.);
#1565=EDGE_CURVE('',#1930,#1932,#1933,.F.);
#1566=EDGE_CURVE('',#1763,#1932,#1934,.F.);
#1567=EDGE_CURVE('',#1935,#1936,#1937,.F.);
#1568=EDGE_CURVE('',#1935,#1938,#1939,.F.);
#1569=EDGE_CURVE('',#1940,#1938,#1941,.F.);
#1570=EDGE_CURVE('',#1940,#1942,#1943,.F.);
#1571=EDGE_CURVE('',#1944,#1942,#1945,.F.);
#1572=EDGE_CURVE('',#1944,#1946,#1947,.F.);
#1573=EDGE_CURVE('',#1948,#1946,#1949,.F.);
#1574=EDGE_CURVE('',#1948,#1936,#1950,.F.);
#1575=EDGE_CURVE('',#1796,#1951,#1952,.F.);
#1576=EDGE_CURVE('',#1953,#1794,#1954,.F.);
#1577=EDGE_CURVE('',#1953,#1955,#1956,.F.);
#1578=EDGE_CURVE('',#1785,#1955,#1957,.F.);
#1579=EDGE_CURVE('',#1958,#1783,#1959,.F.);
#1580=EDGE_CURVE('',#1958,#1951,#1960,.F.);
#1581=EDGE_CURVE('',#1827,#1905,#1961,.T.);
#1582=EDGE_CURVE('',#1829,#1903,#1962,.T.);
#1583=EDGE_CURVE('',#1822,#1901,#1963,.T.);
#1584=EDGE_CURVE('',#1759,#1964,#1965,.F.);
#1585=EDGE_CURVE('',#1966,#1765,#1967,.F.);
#1586=EDGE_CURVE('',#1968,#1966,#1969,.F.);
#1587=EDGE_CURVE('',#1770,#1968,#1970,.F.);
#1588=EDGE_CURVE('',#1971,#1776,#1972,.F.);
#1589=EDGE_CURVE('',#1964,#1971,#1973,.F.);
#1590=EDGE_CURVE('',#1964,#1925,#1974,.T.);
#1591=EDGE_CURVE('',#1966,#1932,#1975,.T.);
#1592=EDGE_CURVE('',#1968,#1930,#1976,.T.);
#1593=EDGE_CURVE('',#1971,#1927,#1977,.T.);
#1594=EDGE_CURVE('',#1978,#1798,#1979,.F.);
#1595=EDGE_CURVE('',#1980,#1978,#1981,.F.);
#1596=EDGE_CURVE('',#1781,#1980,#1982,.F.);
#1597=EDGE_CURVE('',#1983,#1787,#1984,.F.);
#1598=EDGE_CURVE('',#1985,#1983,#1986,.F.);
#1599=EDGE_CURVE('',#1792,#1985,#1987,.F.);
#1600=EDGE_CURVE('',#1980,#1958,#1988,.T.);
#1601=EDGE_CURVE('',#1983,#1955,#1989,.T.);
#1602=EDGE_CURVE('',#1985,#1953,#1990,.T.);
#1603=EDGE_CURVE('',#1978,#1951,#1991,.T.);
#1604=EDGE_CURVE('',#1992,#1852,#1993,.T.);
#1605=EDGE_CURVE('',#1992,#1801,#1994,.F.);
#1606=EDGE_CURVE('',#1995,#1996,#1997,.F.);
#1607=EDGE_CURVE('',#1998,#1995,#1999,.T.);
#1608=EDGE_CURVE('',#2000,#1998,#2001,.F.);
#1609=EDGE_CURVE('',#2002,#2000,#2003,.T.);
#1610=EDGE_CURVE('',#1804,#2002,#2004,.F.);
#1611=EDGE_CURVE('',#1996,#1992,#2005,.T.);
#1612=EDGE_CURVE('',#2006,#1836,#2007,.T.);
#1613=EDGE_CURVE('',#2002,#2006,#2008,.T.);
#1614=EDGE_CURVE('',#1813,#2009,#2010,.F.);
#1615=EDGE_CURVE('',#2011,#1819,#2012,.F.);
#1616=EDGE_CURVE('',#2013,#2011,#2014,.F.);
#1617=EDGE_CURVE('',#2015,#2013,#2016,.F.);
#1618=EDGE_CURVE('',#2017,#2015,#2018,.F.);
#1619=EDGE_CURVE('',#2019,#2017,#2020,.F.);
#1620=EDGE_CURVE('',#2021,#2019,#2022,.F.);
#1621=EDGE_CURVE('',#2009,#2021,#2023,.F.);
#1622=EDGE_CURVE('',#2009,#1888,#2024,.T.);
#1623=EDGE_CURVE('',#2011,#1898,#2025,.T.);
#1624=EDGE_CURVE('',#2026,#1835,#2027,.F.);
#1625=EDGE_CURVE('',#1836,#2028,#2029,.T.);
#1626=EDGE_CURVE('',#2026,#2028,#2030,.T.);
#1627=EDGE_CURVE('',#1838,#2031,#2032,.T.);
#1628=EDGE_CURVE('',#2031,#2026,#2033,.T.);
#1629=EDGE_CURVE('',#2034,#2034,#2035,.F.);
#1630=EDGE_CURVE('',#2031,#2036,#2037,.T.);
#1631=EDGE_CURVE('',#2036,#2006,#2038,.F.);
#1632=EDGE_CURVE('',#2006,#2039,#2040,.F.);
#1633=EDGE_CURVE('',#2039,#2041,#2042,.T.);
#1634=EDGE_CURVE('',#2041,#2043,#2044,.T.);
#1635=EDGE_CURVE('',#2043,#1840,#2045,.F.);
#1636=EDGE_CURVE('',#2046,#2043,#2047,.F.);
#1637=EDGE_CURVE('',#1842,#2046,#2048,.F.);
#1638=EDGE_CURVE('',#2049,#2049,#2050,.T.);
#1639=EDGE_CURVE('',#2051,#2046,#2052,.T.);
#1640=EDGE_CURVE('',#2051,#1844,#2053,.F.);
#1641=EDGE_CURVE('',#1844,#2039,#2054,.F.);
#1642=EDGE_CURVE('',#2000,#2039,#2055,.T.);
#1643=EDGE_CURVE('',#1998,#1846,#2056,.T.);
#1644=EDGE_CURVE('',#1995,#1848,#2057,.T.);
#1645=EDGE_CURVE('',#1996,#1850,#2058,.T.);
#1646=EDGE_CURVE('',#2059,#1935,#2060,.T.);
#1647=EDGE_CURVE('',#2061,#1936,#2062,.T.);
#1648=EDGE_CURVE('',#2061,#2059,#2063,.F.);
#1649=EDGE_CURVE('',#2059,#2064,#2065,.F.);
#1650=EDGE_CURVE('',#2064,#1938,#2066,.T.);
#1651=EDGE_CURVE('',#2067,#1940,#2068,.T.);
#1652=EDGE_CURVE('',#2064,#2067,#2069,.F.);
#1653=EDGE_CURVE('',#2070,#2070,#2071,.F.);
#1654=EDGE_CURVE('',#2070,#2072,#2073,.F.);
#1655=EDGE_CURVE('',#2072,#1942,#2074,.T.);
#1656=EDGE_CURVE('',#2067,#2070,#2075,.F.);
#1657=EDGE_CURVE('',#2076,#1944,#2077,.T.);
#1658=EDGE_CURVE('',#2072,#2076,#2078,.F.);
#1659=EDGE_CURVE('',#2079,#1946,#2080,.T.);
#1660=EDGE_CURVE('',#2076,#2079,#2081,.F.);
#1661=EDGE_CURVE('',#2082,#1948,#2083,.T.);
#1662=EDGE_CURVE('',#2079,#2082,#2084,.F.);
#1663=EDGE_CURVE('',#2082,#2061,#2085,.F.);
#1664=EDGE_CURVE('',#2086,#1865,#2087,.T.);
#1665=EDGE_CURVE('',#2088,#1863,#2089,.T.);
#1666=EDGE_CURVE('',#2088,#2086,#2090,.F.);
#1667=EDGE_CURVE('',#2086,#2091,#2092,.F.);
#1668=EDGE_CURVE('',#2091,#1867,#2093,.T.);
#1669=EDGE_CURVE('',#2094,#1869,#2095,.T.);
#1670=EDGE_CURVE('',#2091,#2094,#2096,.F.);
#1671=EDGE_CURVE('',#2097,#1857,#2098,.T.);
#1672=EDGE_CURVE('',#2094,#2099,#2100,.F.);
#1673=EDGE_CURVE('',#2099,#2099,#2101,.F.);
#1674=EDGE_CURVE('',#2099,#2097,#2102,.F.);
#1675=EDGE_CURVE('',#2103,#1856,#2104,.T.);
#1676=EDGE_CURVE('',#2103,#2105,#2106,.F.);
#1677=EDGE_CURVE('',#2105,#1859,#2107,.T.);
#1678=EDGE_CURVE('',#2108,#1861,#2109,.T.);
#1679=EDGE_CURVE('',#2105,#2108,#2110,.F.);
#1680=EDGE_CURVE('',#2111,#2111,#2112,.T.);
#1681=EDGE_CURVE('',#2111,#2088,#2113,.F.);
#1682=EDGE_CURVE('',#2108,#2111,#2114,.F.);
#1683=EDGE_CURVE('',#2115,#1909,#2116,.T.);
#1684=EDGE_CURVE('',#2117,#1910,#2118,.T.);
#1685=EDGE_CURVE('',#2117,#2115,#2119,.F.);
#1686=EDGE_CURVE('',#2115,#2120,#2121,.F.);
#1687=EDGE_CURVE('',#2120,#1912,#2122,.T.);
#1688=EDGE_CURVE('',#2123,#1914,#2124,.T.);
#1689=EDGE_CURVE('',#2120,#2123,#2125,.F.);
#1690=EDGE_CURVE('',#2126,#2126,#2127,.F.);
#1691=EDGE_CURVE('',#2126,#2128,#2129,.F.);
#1692=EDGE_CURVE('',#2128,#1916,#2130,.T.);
#1693=EDGE_CURVE('',#2123,#2126,#2131,.F.);
#1694=EDGE_CURVE('',#2132,#1918,#2133,.T.);
#1695=EDGE_CURVE('',#2128,#2132,#2134,.F.);
#1696=EDGE_CURVE('',#2135,#1920,#2136,.T.);
#1697=EDGE_CURVE('',#2132,#2135,#2137,.F.);
#1698=EDGE_CURVE('',#2138,#1922,#2139,.T.);
#1699=EDGE_CURVE('',#2135,#2138,#2140,.F.);
#1700=EDGE_CURVE('',#2141,#2141,#2142,.T.);
#1701=EDGE_CURVE('',#2141,#2117,#2143,.F.);
#1702=EDGE_CURVE('',#2138,#2141,#2144,.F.);
#1703=EDGE_CURVE('',#2145,#2021,#2146,.T.);
#1704=EDGE_CURVE('',#2019,#1890,#2147,.T.);
#1705=EDGE_CURVE('',#2021,#2145,#2148,.T.);
#1706=EDGE_CURVE('',#2017,#1892,#2149,.T.);
#1707=EDGE_CURVE('',#2015,#1894,#2150,.T.);
#1708=EDGE_CURVE('',#2013,#1896,#2151,.T.);
#1709=EDGE_CURVE('',#2152,#1872,#2153,.T.);
#1710=EDGE_CURVE('',#2154,#1873,#2155,.T.);
#1711=EDGE_CURVE('',#2154,#2152,#2156,.F.);
#1712=EDGE_CURVE('',#2152,#2157,#2158,.F.);
#1713=EDGE_CURVE('',#2157,#1875,#2159,.T.);
#1714=EDGE_CURVE('',#2160,#1877,#2161,.T.);
#1715=EDGE_CURVE('',#2157,#2160,#2162,.F.);
#1716=EDGE_CURVE('',#2160,#2163,#2164,.F.);
#1717=EDGE_CURVE('',#2163,#1879,#2165,.T.);
#1718=EDGE_CURVE('',#2166,#1881,#2167,.T.);
#1719=EDGE_CURVE('',#2163,#2166,#2168,.F.);
#1720=EDGE_CURVE('',#2169,#2170,#2171,.F.);
#1721=EDGE_CURVE('',#2170,#2169,#2172,.F.);
#1722=EDGE_CURVE('',#2169,#2173,#2174,.F.);
#1723=EDGE_CURVE('',#2173,#1883,#2175,.T.);
#1724=EDGE_CURVE('',#2166,#2169,#2176,.F.);
#1725=EDGE_CURVE('',#2177,#1885,#2178,.T.);
#1726=EDGE_CURVE('',#2173,#2177,#2179,.F.);
#1727=EDGE_CURVE('',#2180,#2180,#2181,.T.);
#1728=EDGE_CURVE('',#2180,#2154,#2182,.F.);
#1729=EDGE_CURVE('',#2177,#2180,#2183,.F.);
#1730=EDGE_CURVE('',#2028,#2036,#2184,.F.);
#1731=EDGE_CURVE('',#2185,#2185,#2186,.F.);
#1732=EDGE_CURVE('',#2041,#2051,#2187,.T.);
#1733=EDGE_CURVE('',#2188,#2188,#2189,.T.);
#1734=EDGE_CURVE('',#2097,#2103,#2190,.F.);
#1735=VERTEX_POINT('',#2191);
#1736=CIRCLE('',#2192,5.);
#1737=VERTEX_POINT('',#2196);
#1738=LINE('',#2197,#2198);
#1739=VERTEX_POINT('',#2200);
#1740=LINE('',#2201,#2202);
#1741=VERTEX_POINT('',#2204);
#1742=LINE('',#2205,#2206);
#1743=VERTEX_POINT('',#2208);
#1744=LINE('',#2209,#2210);
#1745=LINE('',#2212,#2213);
#1746=VERTEX_POINT('',#2215);
#1747=CIRCLE('',#2216,5.);
#1748=VERTEX_POINT('',#2220);
#1749=LINE('',#2221,#2222);
#1750=VERTEX_POINT('',#2224);
#1751=LINE('',#2225,#2226);
#1752=VERTEX_POINT('',#2228);
#1753=LINE('',#2229,#2230);
#1754=VERTEX_POINT('',#2232);
#1755=LINE('',#2233,#2234);
#1756=LINE('',#2236,#2237);
#1757=VERTEX_POINT('',#2239);
#1758=CIRCLE('',#2240,5.);
#1759=VERTEX_POINT('',#2244);
#1760=LINE('',#2245,#2246);
#1761=VERTEX_POINT('',#2248);
#1762=LINE('',#2249,#2250);
#1763=VERTEX_POINT('',#2252);
#1764=LINE('',#2253,#2254);
#1765=VERTEX_POINT('',#2256);
#1766=LINE('',#2257,#2258);
#1767=LINE('',#2260,#2261);
#1768=VERTEX_POINT('',#2263);
#1769=CIRCLE('',#2264,5.);
#1770=VERTEX_POINT('',#2268);
#1771=LINE('',#2269,#2270);
#1772=VERTEX_POINT('',#2272);
#1773=LINE('',#2273,#2274);
#1774=VERTEX_POINT('',#2276);
#1775=LINE('',#2277,#2278);
#1776=VERTEX_POINT('',#2280);
#1777=LINE('',#2281,#2282);
#1778=LINE('',#2284,#2285);
#1779=VERTEX_POINT('',#2287);
#1780=CIRCLE('',#2288,5.);
#1781=VERTEX_POINT('',#2292);
#1782=LINE('',#2293,#2294);
#1783=VERTEX_POINT('',#2296);
#1784=LINE('',#2297,#2298);
#1785=VERTEX_POINT('',#2300);
#1786=LINE('',#2301,#2302);
#1787=VERTEX_POINT('',#2304);
#1788=LINE('',#2305,#2306);
#1789=LINE('',#2308,#2309);
#1790=VERTEX_POINT('',#2311);
#1791=CIRCLE('',#2312,5.);
#1792=VERTEX_POINT('',#2316);
#1793=LINE('',#2317,#2318);
#1794=VERTEX_POINT('',#2320);
#1795=LINE('',#2321,#2322);
#1796=VERTEX_POINT('',#2324);
#1797=LINE('',#2325,#2326);
#1798=VERTEX_POINT('',#2328);
#1799=LINE('',#2329,#2330);
#1800=LINE('',#2332,#2333);
#1801=VERTEX_POINT('',#2335);
#1802=VERTEX_POINT('',#2336);
#1803=LINE('',#2337,#2338);
#1804=VERTEX_POINT('',#2340);
#1805=LINE('',#2341,#2342);
#1806=VERTEX_POINT('',#2344);
#1807=LINE('',#2345,#2346);
#1808=LINE('',#2348,#2349);
#1809=VERTEX_POINT('',#2351);
#1810=CIRCLE('',#2352,5.);
#1811=VERTEX_POINT('',#2356);
#1812=CIRCLE('',#2357,5.);
#1813=VERTEX_POINT('',#2361);
#1814=LINE('',#2362,#2363);
#1815=VERTEX_POINT('',#2365);
#1816=LINE('',#2366,#2367);
#1817=VERTEX_POINT('',#2369);
#1818=LINE('',#2370,#2371);
#1819=VERTEX_POINT('',#2373);
#1820=LINE('',#2374,#2375);
#1821=LINE('',#2377,#2378);
#1822=VERTEX_POINT('',#2380);
#1823=CIRCLE('',#2381,8.);
#1824=VERTEX_POINT('',#2385);
#1825=LINE('',#2386,#2387);
#1826=CIRCLE('',#2389,8.00000000000001);
#1827=VERTEX_POINT('',#2393);
#1828=CIRCLE('',#2394,8.00000000000001);
#1829=VERTEX_POINT('',#2398);
#1830=LINE('',#2399,#2400);
#1831=CIRCLE('',#2402,8.);
#1832=VERTEX_POINT('',#2406);
#1833=LINE('',#2407,#2408);
#1834=CIRCLE('',#2410,8.00000000000001);
#1835=VERTEX_POINT('',#2414);
#1836=VERTEX_POINT('',#2415);
#1837=LINE('',#2416,#2417);
#1838=VERTEX_POINT('',#2419);
#1839=LINE('',#2420,#2421);
#1840=VERTEX_POINT('',#2423);
#1841=LINE('',#2424,#2425);
#1842=VERTEX_POINT('',#2427);
#1843=LINE('',#2428,#2429);
#1844=VERTEX_POINT('',#2431);
#1845=LINE('',#2432,#2433);
#1846=VERTEX_POINT('',#2435);
#1847=CIRCLE('',#2436,14.);
#1848=VERTEX_POINT('',#2440);
#1849=LINE('',#2441,#2442);
#1850=VERTEX_POINT('',#2444);
#1851=CIRCLE('',#2445,14.);
#1852=VERTEX_POINT('',#2449);
#1853=LINE('',#2450,#2451);
#1854=CIRCLE('',#2453,14.);
#1855=CIRCLE('',#2457,14.);
#1856=VERTEX_POINT('',#2461);
#1857=VERTEX_POINT('',#2462);
#1858=CIRCLE('',#2463,8.);
#1859=VERTEX_POINT('',#2467);
#1860=LINE('',#2468,#2469);
#1861=VERTEX_POINT('',#2471);
#1862=CIRCLE('',#2472,8.);
#1863=VERTEX_POINT('',#2476);
#1864=LINE('',#2477,#2478);
#1865=VERTEX_POINT('',#2480);
#1866=CIRCLE('',#2481,7.99999999999999);
#1867=VERTEX_POINT('',#2485);
#1868=LINE('',#2486,#2487);
#1869=VERTEX_POINT('',#2489);
#1870=CIRCLE('',#2490,8.);
#1871=LINE('',#2494,#2495);
#1872=VERTEX_POINT('',#2497);
#1873=VERTEX_POINT('',#2498);
#1874=CIRCLE('',#2499,8.00000000000003);
#1875=VERTEX_POINT('',#2503);
#1876=LINE('',#2504,#2505);
#1877=VERTEX_POINT('',#2507);
#1878=CIRCLE('',#2508,8.);
#1879=VERTEX_POINT('',#2512);
#1880=LINE('',#2513,#2514);
#1881=VERTEX_POINT('',#2516);
#1882=CIRCLE('',#2517,8.);
#1883=VERTEX_POINT('',#2521);
#1884=LINE('',#2522,#2523);
#1885=VERTEX_POINT('',#2525);
#1886=CIRCLE('',#2526,8.);
#1887=LINE('',#2530,#2531);
#1888=VERTEX_POINT('',#2533);
#1889=CIRCLE('',#2534,8.);
#1890=VERTEX_POINT('',#2538);
#1891=LINE('',#2539,#2540);
#1892=VERTEX_POINT('',#2542);
#1893=CIRCLE('',#2543,8.);
#1894=VERTEX_POINT('',#2547);
#1895=LINE('',#2548,#2549);
#1896=VERTEX_POINT('',#2551);
#1897=CIRCLE('',#2552,8.);
#1898=VERTEX_POINT('',#2556);
#1899=LINE('',#2557,#2558);
#1900=CIRCLE('',#2560,8.);
#1901=VERTEX_POINT('',#2564);
#1902=CIRCLE('',#2565,8.);
#1903=VERTEX_POINT('',#2569);
#1904=CIRCLE('',#2570,8.);
#1905=VERTEX_POINT('',#2574);
#1906=LINE('',#2575,#2576);
#1907=CIRCLE('',#2578,8.);
#1908=LINE('',#2582,#2583);
#1909=VERTEX_POINT('',#2585);
#1910=VERTEX_POINT('',#2586);
#1911=CIRCLE('',#2587,8.);
#1912=VERTEX_POINT('',#2591);
#1913=LINE('',#2592,#2593);
#1914=VERTEX_POINT('',#2595);
#1915=CIRCLE('',#2596,7.99999999999999);
#1916=VERTEX_POINT('',#2600);
#1917=LINE('',#2601,#2602);
#1918=VERTEX_POINT('',#2604);
#1919=CIRCLE('',#2605,8.);
#1920=VERTEX_POINT('',#2609);
#1921=LINE('',#2610,#2611);
#1922=VERTEX_POINT('',#2613);
#1923=CIRCLE('',#2614,8.);
#1924=LINE('',#2618,#2619);
#1925=VERTEX_POINT('',#2621);
#1926=CIRCLE('',#2622,8.00000000000001);
#1927=VERTEX_POINT('',#2626);
#1928=LINE('',#2627,#2628);
#1929=CIRCLE('',#2630,7.99999999999999);
#1930=VERTEX_POINT('',#2634);
#1931=CIRCLE('',#2635,8.);
#1932=VERTEX_POINT('',#2639);
#1933=LINE('',#2640,#2641);
#1934=CIRCLE('',#2643,8.);
#1935=VERTEX_POINT('',#2647);
#1936=VERTEX_POINT('',#2648);
#1937=CIRCLE('',#2649,8.00000000000003);
#1938=VERTEX_POINT('',#2653);
#1939=LINE('',#2654,#2655);
#1940=VERTEX_POINT('',#2657);
#1941=CIRCLE('',#2658,7.99999999999999);
#1942=VERTEX_POINT('',#2662);
#1943=LINE('',#2663,#2664);
#1944=VERTEX_POINT('',#2666);
#1945=CIRCLE('',#2667,8.);
#1946=VERTEX_POINT('',#2671);
#1947=LINE('',#2672,#2673);
#1948=VERTEX_POINT('',#2675);
#1949=CIRCLE('',#2676,8.);
#1950=LINE('',#2680,#2681);
#1951=VERTEX_POINT('',#2683);
#1952=CIRCLE('',#2684,8.00000000000004);
#1953=VERTEX_POINT('',#2688);
#1954=CIRCLE('',#2689,8.);
#1955=VERTEX_POINT('',#2693);
#1956=LINE('',#2694,#2695);
#1957=CIRCLE('',#2697,8.);
#1958=VERTEX_POINT('',#2701);
#1959=CIRCLE('',#2702,8.);
#1960=LINE('',#2706,#2707);
#1961=LINE('',#2709,#2710);
#1962=LINE('',#2712,#2713);
#1963=LINE('',#2715,#2716);
#1964=VERTEX_POINT('',#2718);
#1965=CIRCLE('',#2719,8.);
#1966=VERTEX_POINT('',#2723);
#1967=CIRCLE('',#2724,8.);
#1968=VERTEX_POINT('',#2728);
#1969=LINE('',#2729,#2730);
#1970=CIRCLE('',#2732,8.);
#1971=VERTEX_POINT('',#2736);
#1972=CIRCLE('',#2737,8.);
#1973=LINE('',#2741,#2742);
#1974=LINE('',#2744,#2745);
#1975=LINE('',#2747,#2748);
#1976=LINE('',#2750,#2751);
#1977=LINE('',#2753,#2754);
#1978=VERTEX_POINT('',#2756);
#1979=CIRCLE('',#2757,8.);
#1980=VERTEX_POINT('',#2761);
#1981=LINE('',#2762,#2763);
#1982=CIRCLE('',#2765,8.);
#1983=VERTEX_POINT('',#2769);
#1984=CIRCLE('',#2770,8.);
#1985=VERTEX_POINT('',#2774);
#1986=LINE('',#2775,#2776);
#1987=CIRCLE('',#2778,8.);
#1988=LINE('',#2782,#2783);
#1989=LINE('',#2785,#2786);
#1990=LINE('',#2788,#2789);
#1991=LINE('',#2791,#2792);
#1992=VERTEX_POINT('',#2794);
#1993=LINE('',#2795,#2796);
#1994=CIRCLE('',#2798,14.);
#1995=VERTEX_POINT('',#2802);
#1996=VERTEX_POINT('',#2803);
#1997=CIRCLE('',#2804,14.);
#1998=VERTEX_POINT('',#2808);
#1999=LINE('',#2809,#2810);
#2000=VERTEX_POINT('',#2812);
#2001=CIRCLE('',#2813,14.);
#2002=VERTEX_POINT('',#2817);
#2003=LINE('',#2818,#2819);
#2004=CIRCLE('',#2821,14.);
#2005=LINE('',#2825,#2826);
#2006=VERTEX_POINT('',#2828);
#2007=LINE('',#2829,#2830);
#2008=LINE('',#2832,#2833);
#2009=VERTEX_POINT('',#2835);
#2010=CIRCLE('',#2836,8.);
#2011=VERTEX_POINT('',#2840);
#2012=CIRCLE('',#2841,8.);
#2013=VERTEX_POINT('',#2845);
#2014=LINE('',#2846,#2847);
#2015=VERTEX_POINT('',#2849);
#2016=CIRCLE('',#2850,8.);
#2017=VERTEX_POINT('',#2854);
#2018=LINE('',#2855,#2856);
#2019=VERTEX_POINT('',#2858);
#2020=CIRCLE('',#2859,7.99999999999999);
#2021=VERTEX_POINT('',#2863);
#2022=LINE('',#2864,#2865);
#2023=LINE('',#2867,#2868);
#2024=LINE('',#2870,#2871);
#2025=LINE('',#2873,#2874);
#2026=VERTEX_POINT('',#2876);
#2027=LINE('',#2877,#2878);
#2028=VERTEX_POINT('',#2880);
#2029=LINE('',#2881,#2882);
#2030=LINE('',#2884,#2885);
#2031=VERTEX_POINT('',#2887);
#2032=CIRCLE('',#2888,28.);
#2033=CIRCLE('',#2892,11.);
#2034=VERTEX_POINT('',#2896);
#2035=CIRCLE('',#2897,5.);
#2036=VERTEX_POINT('',#2901);
#2037=LINE('',#2902,#2903);
#2038=CIRCLE('',#2905,28.);
#2039=VERTEX_POINT('',#2909);
#2040=LINE('',#2910,#2911);
#2041=VERTEX_POINT('',#2913);
#2042=CIRCLE('',#2914,28.);
#2043=VERTEX_POINT('',#2918);
#2044=LINE('',#2919,#2920);
#2045=CIRCLE('',#2922,28.);
#2046=VERTEX_POINT('',#2926);
#2047=CIRCLE('',#2927,11.);
#2048=LINE('',#2931,#2932);
#2049=VERTEX_POINT('',#2934);
#2050=CIRCLE('',#2935,5.);
#2051=VERTEX_POINT('',#2939);
#2052=LINE('',#2940,#2941);
#2053=LINE('',#2943,#2944);
#2054=LINE('',#2946,#2947);
#2055=LINE('',#2949,#2950);
#2056=LINE('',#2952,#2953);
#2057=LINE('',#2955,#2956);
#2058=LINE('',#2958,#2959);
#2059=VERTEX_POINT('',#2961);
#2060=LINE('',#2962,#2963);
#2061=VERTEX_POINT('',#2965);
#2062=LINE('',#2966,#2967);
#2063=CIRCLE('',#2969,8.);
#2064=VERTEX_POINT('',#2973);
#2065=LINE('',#2974,#2975);
#2066=LINE('',#2977,#2978);
#2067=VERTEX_POINT('',#2980);
#2068=LINE('',#2981,#2982);
#2069=CIRCLE('',#2984,8.);
#2070=VERTEX_POINT('',#2988);
#2071=CIRCLE('',#2989,5.);
#2072=VERTEX_POINT('',#2993);
#2073=LINE('',#2994,#2995);
#2074=LINE('',#2997,#2998);
#2075=LINE('',#3000,#3001);
#2076=VERTEX_POINT('',#3003);
#2077=LINE('',#3004,#3005);
#2078=CIRCLE('',#3007,8.);
#2079=VERTEX_POINT('',#3011);
#2080=LINE('',#3012,#3013);
#2081=LINE('',#3015,#3016);
#2082=VERTEX_POINT('',#3018);
#2083=LINE('',#3019,#3020);
#2084=CIRCLE('',#3022,8.);
#2085=LINE('',#3026,#3027);
#2086=VERTEX_POINT('',#3029);
#2087=LINE('',#3030,#3031);
#2088=VERTEX_POINT('',#3033);
#2089=LINE('',#3034,#3035);
#2090=CIRCLE('',#3037,8.);
#2091=VERTEX_POINT('',#3041);
#2092=LINE('',#3042,#3043);
#2093=LINE('',#3045,#3046);
#2094=VERTEX_POINT('',#3048);
#2095=LINE('',#3049,#3050);
#2096=CIRCLE('',#3052,8.);
#2097=VERTEX_POINT('',#3056);
#2098=LINE('',#3057,#3058);
#2099=VERTEX_POINT('',#3060);
#2100=LINE('',#3061,#3062);
#2101=CIRCLE('',#3064,5.);
#2102=LINE('',#3068,#3069);
#2103=VERTEX_POINT('',#3071);
#2104=LINE('',#3072,#3073);
#2105=VERTEX_POINT('',#3075);
#2106=LINE('',#3076,#3077);
#2107=LINE('',#3079,#3080);
#2108=VERTEX_POINT('',#3082);
#2109=LINE('',#3083,#3084);
#2110=CIRCLE('',#3086,8.);
#2111=VERTEX_POINT('',#3090);
#2112=CIRCLE('',#3091,5.);
#2113=LINE('',#3095,#3096);
#2114=LINE('',#3098,#3099);
#2115=VERTEX_POINT('',#3101);
#2116=LINE('',#3102,#3103);
#2117=VERTEX_POINT('',#3105);
#2118=LINE('',#3106,#3107);
#2119=CIRCLE('',#3109,8.);
#2120=VERTEX_POINT('',#3113);
#2121=LINE('',#3114,#3115);
#2122=LINE('',#3117,#3118);
#2123=VERTEX_POINT('',#3120);
#2124=LINE('',#3121,#3122);
#2125=CIRCLE('',#3124,7.99999999999999);
#2126=VERTEX_POINT('',#3128);
#2127=CIRCLE('',#3129,5.);
#2128=VERTEX_POINT('',#3133);
#2129=LINE('',#3134,#3135);
#2130=LINE('',#3137,#3138);
#2131=LINE('',#3140,#3141);
#2132=VERTEX_POINT('',#3143);
#2133=LINE('',#3144,#3145);
#2134=CIRCLE('',#3147,8.);
#2135=VERTEX_POINT('',#3151);
#2136=LINE('',#3152,#3153);
#2137=LINE('',#3155,#3156);
#2138=VERTEX_POINT('',#3158);
#2139=LINE('',#3159,#3160);
#2140=CIRCLE('',#3162,8.);
#2141=VERTEX_POINT('',#3166);
#2142=CIRCLE('',#3167,5.);
#2143=LINE('',#3171,#3172);
#2144=LINE('',#3174,#3175);
#2145=VERTEX_POINT('',#3177);
#2146=CIRCLE('',#3178,5.);
#2147=LINE('',#3182,#3183);
#2148=CIRCLE('',#3185,5.);
#2149=LINE('',#3189,#3190);
#2150=LINE('',#3192,#3193);
#2151=LINE('',#3195,#3196);
#2152=VERTEX_POINT('',#3198);
#2153=LINE('',#3199,#3200);
#2154=VERTEX_POINT('',#3202);
#2155=LINE('',#3203,#3204);
#2156=CIRCLE('',#3206,7.99999999999999);
#2157=VERTEX_POINT('',#3210);
#2158=LINE('',#3211,#3212);
#2159=LINE('',#3214,#3215);
#2160=VERTEX_POINT('',#3217);
#2161=LINE('',#3218,#3219);
#2162=CIRCLE('',#3221,8.);
#2163=VERTEX_POINT('',#3225);
#2164=LINE('',#3226,#3227);
#2165=LINE('',#3229,#3230);
#2166=VERTEX_POINT('',#3232);
#2167=LINE('',#3233,#3234);
#2168=CIRCLE('',#3236,8.);
#2169=VERTEX_POINT('',#3240);
#2170=VERTEX_POINT('',#3241);
#2171=CIRCLE('',#3242,5.);
#2172=CIRCLE('',#3246,5.);
#2173=VERTEX_POINT('',#3250);
#2174=LINE('',#3251,#3252);
#2175=LINE('',#3254,#3255);
#2176=LINE('',#3257,#3258);
#2177=VERTEX_POINT('',#3260);
#2178=LINE('',#3261,#3262);
#2179=CIRCLE('',#3264,8.);
#2180=VERTEX_POINT('',#3268);
#2181=CIRCLE('',#3269,5.);
#2182=LINE('',#3273,#3274);
#2183=LINE('',#3276,#3277);
#2184=CIRCLE('',#3279,11.);
#2185=VERTEX_POINT('',#3283);
#2186=CIRCLE('',#3284,5.);
#2187=CIRCLE('',#3288,11.);
#2188=VERTEX_POINT('',#3292);
#2189=CIRCLE('',#3293,5.);
#2190=CIRCLE('',#3297,8.);
#2191=CARTESIAN_POINT('',(-55.,10.,-44.9999999999933));
#2192=AXIS2_PLACEMENT_3D('',#2193,#2194,#2195);
#2193=CARTESIAN_POINT('',(-55.,15.,-44.9999999999933));
#2194=DIRECTION('',(-1.,-2.73691106313441E-48,2.66453525909993E-16));
#2195=DIRECTION('',(-4.11284380268743E-31,-1.,-1.54355015143494E-15));
#2196=CARTESIAN_POINT('',(-55.,10.,-77.0000000000134));
#2197=CARTESIAN_POINT('',(-55.,10.,-77.0000000000134));
#2198=VECTOR('',#2199,1.);
#2199=DIRECTION('',(4.44089209849784E-16,-5.5511151231223E-17,1.));
#2200=CARTESIAN_POINT('',(-55.,200.,-77.0000000000133));
#2201=CARTESIAN_POINT('',(-55.,10.,-77.0000000000134));
#2202=VECTOR('',#2203,1.);
#2203=DIRECTION('',(0.,1.,7.47939721852737E-17));
#2204=CARTESIAN_POINT('',(-55.,200.,-13.));
#2205=CARTESIAN_POINT('',(-55.,200.,-77.0000000000133));
#2206=VECTOR('',#2207,1.);
#2207=DIRECTION('',(2.22044604924985E-16,0.,1.));
#2208=CARTESIAN_POINT('',(-55.,10.,-13.));
#2209=CARTESIAN_POINT('',(-55.,10.,-13.));
#2210=VECTOR('',#2211,1.);
#2211=DIRECTION('',(0.,1.,6.54447256621145E-17));
#2212=CARTESIAN_POINT('',(-55.,10.,-44.9999999999933));
#2213=VECTOR('',#2214,1.);
#2214=DIRECTION('',(2.22044604925078E-16,-1.11022302462539E-16,1.));
#2215=CARTESIAN_POINT('',(-5.,10.,-44.9999999999933));
#2216=AXIS2_PLACEMENT_3D('',#2217,#2218,#2219);
#2217=CARTESIAN_POINT('',(-4.99999999999999,15.,-44.9999999999933));
#2218=DIRECTION('',(-1.,7.42152035832802E-33,-1.22124532708747E-16));
#2219=DIRECTION('',(1.81083820598179E-31,-1.,-1.54355015143494E-15));
#2220=CARTESIAN_POINT('',(-5.,10.,-13.));
#2221=CARTESIAN_POINT('',(-5.,10.,-13.));
#2222=VECTOR('',#2223,1.);
#2223=DIRECTION('',(1.11022302462539E-16,1.11022302462539E-16,-1.));
#2224=CARTESIAN_POINT('',(-5.,200.,-13.));
#2225=CARTESIAN_POINT('',(-5.,10.,-13.));
#2226=VECTOR('',#2227,1.);
#2227=DIRECTION('',(9.34924652315921E-18,1.,6.54447256621145E-17));
#2228=CARTESIAN_POINT('',(-4.99999999999999,200.,-77.0000000000133));
#2229=CARTESIAN_POINT('',(-5.,200.,-13.));
#2230=VECTOR('',#2231,1.);
#2231=DIRECTION('',(1.11022302462492E-16,0.,-1.));
#2232=CARTESIAN_POINT('',(-4.99999999999999,10.,-77.0000000000134));
#2233=CARTESIAN_POINT('',(-4.99999999999999,10.,-77.0000000000134));
#2234=VECTOR('',#2235,1.);
#2235=DIRECTION('',(0.,1.,7.47939721852737E-17));
#2236=CARTESIAN_POINT('',(-4.99999999999999,10.,-44.9999999999933));
#2237=VECTOR('',#2238,1.);
#2238=DIRECTION('',(1.38777878078058E-16,5.5511151231223E-17,-1.));
#2239=CARTESIAN_POINT('',(65.,10.,-44.9999999999933));
#2240=AXIS2_PLACEMENT_3D('',#2241,#2242,#2243);
#2241=CARTESIAN_POINT('',(65.,15.,-44.9999999999933));
#2242=DIRECTION('',(-1.,-1.3684555315672E-48,-1.77635683939995E-16));
#2243=DIRECTION('',(2.74189586845828E-31,-1.,-1.54355015143494E-15));
#2244=CARTESIAN_POINT('',(65.,10.,-77.0000000000133));
#2245=CARTESIAN_POINT('',(65.,10.,-77.0000000000133));
#2246=VECTOR('',#2247,1.);
#2247=DIRECTION('',(-4.44089209849784E-16,-5.5511151231223E-17,1.));
#2248=CARTESIAN_POINT('',(65.,200.,-77.0000000000133));
#2249=CARTESIAN_POINT('',(65.,10.,-77.0000000000133));
#2250=VECTOR('',#2251,1.);
#2251=DIRECTION('',(0.,1.,7.47939721852737E-17));
#2252=CARTESIAN_POINT('',(65.,200.,-13.));
#2253=CARTESIAN_POINT('',(65.,200.,-77.0000000000133));
#2254=VECTOR('',#2255,1.);
#2255=DIRECTION('',(0.,0.,1.));
#2256=CARTESIAN_POINT('',(65.,10.,-13.));
#2257=CARTESIAN_POINT('',(65.,10.,-13.));
#2258=VECTOR('',#2259,1.);
#2259=DIRECTION('',(0.,1.,7.47939721852737E-17));
#2260=CARTESIAN_POINT('',(65.,10.,-44.9999999999933));
#2261=VECTOR('',#2262,1.);
#2262=DIRECTION('',(0.,-1.11022302462539E-16,1.));
#2263=CARTESIAN_POINT('',(115.,10.,-44.9999999999933));
#2264=AXIS2_PLACEMENT_3D('',#2265,#2266,#2267);
#2265=CARTESIAN_POINT('',(115.,15.,-44.9999999999933));
#2266=DIRECTION('',(-1.,1.07949387030226E-32,-1.77635683939995E-16));
#2267=DIRECTION('',(2.63394648142806E-31,-1.,-1.54355015143494E-15));
#2268=CARTESIAN_POINT('',(115.,10.,-13.));
#2269=CARTESIAN_POINT('',(115.,10.,-13.));
#2270=VECTOR('',#2271,1.);
#2271=DIRECTION('',(0.,1.11022302462539E-16,-1.));
#2272=CARTESIAN_POINT('',(115.,200.,-13.));
#2273=CARTESIAN_POINT('',(115.,10.,-13.));
#2274=VECTOR('',#2275,1.);
#2275=DIRECTION('',(0.,1.,5.60954791389553E-17));
#2276=CARTESIAN_POINT('',(115.,200.,-77.0000000000133));
#2277=CARTESIAN_POINT('',(115.,200.,-13.));
#2278=VECTOR('',#2279,1.);
#2279=DIRECTION('',(0.,0.,-1.));
#2280=CARTESIAN_POINT('',(115.,10.,-77.0000000000133));
#2281=CARTESIAN_POINT('',(115.,10.,-77.0000000000133));
#2282=VECTOR('',#2283,1.);
#2283=DIRECTION('',(0.,1.,7.47939721852737E-17));
#2284=CARTESIAN_POINT('',(115.,10.,-44.9999999999933));
#2285=VECTOR('',#2286,1.);
#2286=DIRECTION('',(4.44089209849784E-16,5.5511151231223E-17,-1.));
#2287=CARTESIAN_POINT('',(5.,10.,-44.9999999999933));
#2288=AXIS2_PLACEMENT_3D('',#2289,#2290,#2291);
#2289=CARTESIAN_POINT('',(5.00000000000002,15.,-44.9999999999933));
#2290=DIRECTION('',(-1.,-1.74379779048826E-32,2.33146835171244E-16));
#2291=DIRECTION('',(-3.42435854830267E-31,-1.,-1.54355015143494E-15));
#2292=CARTESIAN_POINT('',(5.00000000000001,10.,-77.0000000000134));
#2293=CARTESIAN_POINT('',(5.00000000000001,10.,-77.0000000000134));
#2294=VECTOR('',#2295,1.);
#2295=DIRECTION('',(2.22044604924892E-16,-5.5511151231223E-17,1.));
#2296=CARTESIAN_POINT('',(5.00000000000001,200.,-77.0000000000134));
#2297=CARTESIAN_POINT('',(5.00000000000001,10.,-77.0000000000134));
#2298=VECTOR('',#2299,1.);
#2299=DIRECTION('',(0.,1.,0.));
#2300=CARTESIAN_POINT('',(5.00000000000003,200.,-13.));
#2301=CARTESIAN_POINT('',(5.00000000000001,200.,-77.0000000000134));
#2302=VECTOR('',#2303,1.);
#2303=DIRECTION('',(2.22044604924985E-16,0.,1.));
#2304=CARTESIAN_POINT('',(5.00000000000003,10.,-13.));
#2305=CARTESIAN_POINT('',(5.00000000000003,10.,-13.));
#2306=VECTOR('',#2307,1.);
#2307=DIRECTION('',(0.,1.,5.60954791389553E-17));
#2308=CARTESIAN_POINT('',(5.00000000000002,10.,-44.9999999999933));
#2309=VECTOR('',#2310,1.);
#2310=DIRECTION('',(2.49800180540713E-16,-1.11022302462539E-16,1.));
#2311=CARTESIAN_POINT('',(55.,10.,-44.9999999999933));
#2312=AXIS2_PLACEMENT_3D('',#2313,#2314,#2315);
#2313=CARTESIAN_POINT('',(55.,15.,-44.9999999999933));
#2314=DIRECTION('',(-1.,5.39746935151129E-33,-8.88178419699977E-17));
#2315=DIRECTION('',(1.31697324071403E-31,-1.,-1.54355015143494E-15));
#2316=CARTESIAN_POINT('',(55.,10.,-13.));
#2317=CARTESIAN_POINT('',(55.,10.,-13.));
#2318=VECTOR('',#2319,1.);
#2319=DIRECTION('',(0.,1.11022302462539E-16,-1.));
#2320=CARTESIAN_POINT('',(55.,200.,-13.));
#2321=CARTESIAN_POINT('',(55.,10.,-13.));
#2322=VECTOR('',#2323,1.);
#2323=DIRECTION('',(0.,1.,6.54447256621145E-17));
#2324=CARTESIAN_POINT('',(55.,200.,-77.0000000000133));
#2325=CARTESIAN_POINT('',(55.,200.,-13.));
#2326=VECTOR('',#2327,1.);
#2327=DIRECTION('',(2.22044604924985E-16,0.,-1.));
#2328=CARTESIAN_POINT('',(55.,10.,-77.0000000000133));
#2329=CARTESIAN_POINT('',(55.,10.,-77.0000000000133));
#2330=VECTOR('',#2331,1.);
#2331=DIRECTION('',(0.,1.,0.));
#2332=CARTESIAN_POINT('',(55.,10.,-44.9999999999933));
#2333=VECTOR('',#2334,1.);
#2334=DIRECTION('',(2.22044604924892E-16,5.5511151231223E-17,-1.));
#2335=CARTESIAN_POINT('',(130.,-5.87912994342275E-15,86.));
#2336=CARTESIAN_POINT('',(130.,200.,86.));
#2337=CARTESIAN_POINT('',(130.,-6.18570429696731E-15,86.));
#2338=VECTOR('',#2339,1.);
#2339=DIRECTION('',(0.,1.,7.105427357601E-17));
#2340=CARTESIAN_POINT('',(130.,5.87912994342275E-15,-86.));
#2341=CARTESIAN_POINT('',(130.,-5.26598123633362E-15,86.));
#2342=VECTOR('',#2343,1.);
#2343=DIRECTION('',(0.,6.12323399573677E-17,-1.));
#2344=CARTESIAN_POINT('',(130.,200.,-86.));
#2345=CARTESIAN_POINT('',(130.,6.18570429696731E-15,-86.));
#2346=VECTOR('',#2347,1.);
#2347=DIRECTION('',(0.,1.,7.105427357601E-17));
#2348=CARTESIAN_POINT('',(130.,200.,86.));
#2349=VECTOR('',#2350,1.);
#2350=DIRECTION('',(0.,0.,-1.));
#2351=CARTESIAN_POINT('',(130.,10.,-44.9999999999933));
#2352=AXIS2_PLACEMENT_3D('',#2353,#2354,#2355);
#2353=CARTESIAN_POINT('',(130.,15.,-44.9999999999933));
#2354=DIRECTION('',(-1.,0.,0.));
#2355=DIRECTION('',(0.,-1.,-1.54355015143494E-15));
#2356=CARTESIAN_POINT('',(-65.,10.,-44.9999999999933));
#2357=AXIS2_PLACEMENT_3D('',#2358,#2359,#2360);
#2358=CARTESIAN_POINT('',(-65.,15.,-44.9999999999933));
#2359=DIRECTION('',(-1.,1.07949387030226E-32,-1.77635683939995E-16));
#2360=DIRECTION('',(2.63394648142806E-31,-1.,-1.54355015143494E-15));
#2361=CARTESIAN_POINT('',(-65.,10.,-13.));
#2362=CARTESIAN_POINT('',(-65.,10.,-13.));
#2363=VECTOR('',#2364,1.);
#2364=DIRECTION('',(0.,1.11022302462539E-16,-1.));
#2365=CARTESIAN_POINT('',(-65.,200.,-13.));
#2366=CARTESIAN_POINT('',(-65.,10.,-13.));
#2367=VECTOR('',#2368,1.);
#2368=DIRECTION('',(0.,1.,5.60954791389553E-17));
#2369=CARTESIAN_POINT('',(-65.,200.,-77.0000000000134));
#2370=CARTESIAN_POINT('',(-65.,200.,-13.));
#2371=VECTOR('',#2372,1.);
#2372=DIRECTION('',(0.,0.,-1.));
#2373=CARTESIAN_POINT('',(-65.,10.,-77.0000000000134));
#2374=CARTESIAN_POINT('',(-65.,10.,-77.0000000000134));
#2375=VECTOR('',#2376,1.);
#2376=DIRECTION('',(0.,1.,7.47939721852737E-17));
#2377=CARTESIAN_POINT('',(-65.,10.,-44.9999999999933));
#2378=VECTOR('',#2379,1.);
#2379=DIRECTION('',(4.44089209849784E-16,5.5511151231223E-17,-1.));
#2380=CARTESIAN_POINT('',(-13.,10.,-85.0000000000134));
#2381=AXIS2_PLACEMENT_3D('',#2382,#2383,#2384);
#2382=CARTESIAN_POINT('',(-13.,10.,-77.0000000000134));
#2383=DIRECTION('',(0.,1.,6.12323399573677E-17));
#2384=DIRECTION('',(1.,0.,0.));
#2385=CARTESIAN_POINT('',(-47.,10.,-85.0000000000134));
#2386=CARTESIAN_POINT('',(-13.,10.,-85.0000000000134));
#2387=VECTOR('',#2388,1.);
#2388=DIRECTION('',(-1.,0.,0.));
#2389=AXIS2_PLACEMENT_3D('',#2390,#2391,#2392);
#2390=CARTESIAN_POINT('',(-47.,10.,-77.0000000000133));
#2391=DIRECTION('',(0.,1.,6.12323399573677E-17));
#2392=DIRECTION('',(0.,6.12323399573677E-17,-1.));
#2393=CARTESIAN_POINT('',(-47.,10.,-5.00000000000002));
#2394=AXIS2_PLACEMENT_3D('',#2395,#2396,#2397);
#2395=CARTESIAN_POINT('',(-47.,10.,-13.));
#2396=DIRECTION('',(0.,1.,6.12323399573677E-17));
#2397=DIRECTION('',(-1.,1.35963107344689E-32,-2.22044604925031E-16));
#2398=CARTESIAN_POINT('',(-13.,10.,-5.00000000000002));
#2399=CARTESIAN_POINT('',(-47.,10.,-5.00000000000002));
#2400=VECTOR('',#2401,1.);
#2401=DIRECTION('',(1.,0.,1.30614473485313E-16));
#2402=AXIS2_PLACEMENT_3D('',#2403,#2404,#2405);
#2403=CARTESIAN_POINT('',(-13.,10.,-13.));
#2404=DIRECTION('',(0.,1.,6.12323399573677E-17));
#2405=DIRECTION('',(-1.11022302462516E-15,-6.12323399573677E-17,1.));
#2406=CARTESIAN_POINT('',(-47.,200.,-85.0000000000133));
#2407=CARTESIAN_POINT('',(-47.,10.,-85.0000000000134));
#2408=VECTOR('',#2409,1.);
#2409=DIRECTION('',(0.,1.,7.47939721852737E-17));
#2410=AXIS2_PLACEMENT_3D('',#2411,#2412,#2413);
#2411=CARTESIAN_POINT('',(-47.,200.,-77.0000000000133));
#2412=DIRECTION('',(0.,-1.,-6.12323399573677E-17));
#2413=DIRECTION('',(-1.,-1.08770485875751E-31,1.77635683940025E-15));
#2414=CARTESIAN_POINT('',(58.,200.,-100.));
#2415=CARTESIAN_POINT('',(116.,200.,-100.));
#2416=CARTESIAN_POINT('',(58.,200.,-100.));
#2417=VECTOR('',#2418,1.);
#2418=DIRECTION('',(1.,0.,0.));
#2419=CARTESIAN_POINT('',(58.,200.,-113.745286179986));
#2420=CARTESIAN_POINT('',(58.,200.,-100.));
#2421=VECTOR('',#2422,1.);
#2422=DIRECTION('',(0.,0.,-1.));
#2423=CARTESIAN_POINT('',(-58.,200.,-113.745286179986));
#2424=CARTESIAN_POINT('',(-58.,200.,-113.745286179986));
#2425=VECTOR('',#2426,1.);
#2426=DIRECTION('',(1.,0.,0.));
#2427=CARTESIAN_POINT('',(-58.,200.,-100.));
#2428=CARTESIAN_POINT('',(-58.,200.,-100.));
#2429=VECTOR('',#2430,1.);
#2430=DIRECTION('',(0.,0.,-1.));
#2431=CARTESIAN_POINT('',(-116.,200.,-100.));
#2432=CARTESIAN_POINT('',(-116.,200.,-100.));
#2433=VECTOR('',#2434,1.);
#2434=DIRECTION('',(1.,0.,0.));
#2435=CARTESIAN_POINT('',(-130.,200.,-86.));
#2436=AXIS2_PLACEMENT_3D('',#2437,#2438,#2439);
#2437=CARTESIAN_POINT('',(-116.,200.,-86.));
#2438=DIRECTION('',(0.,1.,6.12323399573677E-17));
#2439=DIRECTION('',(0.,6.12323399573677E-17,-1.));
#2440=CARTESIAN_POINT('',(-130.,200.,86.));
#2441=CARTESIAN_POINT('',(-130.,200.,-86.));
#2442=VECTOR('',#2443,1.);
#2443=DIRECTION('',(0.,0.,1.));
#2444=CARTESIAN_POINT('',(-116.,200.,100.));
#2445=AXIS2_PLACEMENT_3D('',#2446,#2447,#2448);
#2446=CARTESIAN_POINT('',(-116.,200.,86.));
#2447=DIRECTION('',(0.,1.,6.12323399573677E-17));
#2448=DIRECTION('',(-1.,1.24309126715144E-31,-2.03012210217171E-15));
#2449=CARTESIAN_POINT('',(116.,200.,100.));
#2450=CARTESIAN_POINT('',(-116.,200.,100.));
#2451=VECTOR('',#2452,1.);
#2452=DIRECTION('',(1.,0.,0.));
#2453=AXIS2_PLACEMENT_3D('',#2454,#2455,#2456);
#2454=CARTESIAN_POINT('',(116.,200.,86.));
#2455=DIRECTION('',(0.,1.,6.12323399573677E-17));
#2456=DIRECTION('',(0.,-6.12323399573677E-17,1.));
#2457=AXIS2_PLACEMENT_3D('',#2458,#2459,#2460);
#2458=CARTESIAN_POINT('',(116.,200.,-86.));
#2459=DIRECTION('',(0.,1.,6.12323399573677E-17));
#2460=DIRECTION('',(1.,1.24309126715144E-31,-2.03012210217171E-15));
#2461=CARTESIAN_POINT('',(13.,200.,4.99999999998665));
#2462=CARTESIAN_POINT('',(5.,200.,12.9999999999867));
#2463=AXIS2_PLACEMENT_3D('',#2464,#2465,#2466);
#2464=CARTESIAN_POINT('',(13.,200.,12.9999999999867));
#2465=DIRECTION('',(2.73691106313441E-48,-1.,-6.12323399573677E-17));
#2466=DIRECTION('',(-1.,-1.35963107344689E-32,2.22044604925031E-16));
#2467=CARTESIAN_POINT('',(47.,200.,4.99999999998666));
#2468=CARTESIAN_POINT('',(47.,200.,4.99999999998666));
#2469=VECTOR('',#2470,1.);
#2470=DIRECTION('',(-1.,0.,-1.30614473485313E-16));
#2471=CARTESIAN_POINT('',(55.,200.,12.9999999999867));
#2472=AXIS2_PLACEMENT_3D('',#2473,#2474,#2475);
#2473=CARTESIAN_POINT('',(47.,200.,12.9999999999867));
#2474=DIRECTION('',(0.,-1.,-6.12323399573677E-17));
#2475=DIRECTION('',(0.,6.12323399573677E-17,-1.));
#2476=CARTESIAN_POINT('',(55.,200.,77.));
#2477=CARTESIAN_POINT('',(55.,200.,77.));
#2478=VECTOR('',#2479,1.);
#2479=DIRECTION('',(1.11022302462492E-16,0.,-1.));
#2480=CARTESIAN_POINT('',(47.,200.,85.));
#2481=AXIS2_PLACEMENT_3D('',#2482,#2483,#2484);
#2482=CARTESIAN_POINT('',(47.,200.,77.));
#2483=DIRECTION('',(-1.09476442525376E-47,-1.,-6.12323399573677E-17));
#2484=DIRECTION('',(1.,-1.09476442525376E-47,-6.70349874603707E-64));
#2485=CARTESIAN_POINT('',(13.,200.,85.));
#2486=CARTESIAN_POINT('',(13.,200.,85.));
#2487=VECTOR('',#2488,1.);
#2488=DIRECTION('',(1.,0.,4.17966315153E-16));
#2489=CARTESIAN_POINT('',(5.00000000000001,200.,77.));
#2490=AXIS2_PLACEMENT_3D('',#2491,#2492,#2493);
#2491=CARTESIAN_POINT('',(13.,200.,77.));
#2492=DIRECTION('',(0.,-1.,-6.12323399573677E-17));
#2493=DIRECTION('',(-2.22044604925031E-16,-6.12323399573677E-17,1.));
#2494=CARTESIAN_POINT('',(5.,200.,12.9999999999867));
#2495=VECTOR('',#2496,1.);
#2496=DIRECTION('',(2.35922392732797E-16,0.,1.));
#2497=CARTESIAN_POINT('',(-73.,200.,85.));
#2498=CARTESIAN_POINT('',(-65.,200.,77.));
#2499=AXIS2_PLACEMENT_3D('',#2500,#2501,#2502);
#2500=CARTESIAN_POINT('',(-73.,200.,77.));
#2501=DIRECTION('',(0.,-1.,-6.12323399573677E-17));
#2502=DIRECTION('',(1.,-1.08770485875751E-31,1.77635683940024E-15));
#2503=CARTESIAN_POINT('',(-107.,200.,85.));
#2504=CARTESIAN_POINT('',(-107.,200.,85.));
#2505=VECTOR('',#2506,1.);
#2506=DIRECTION('',(1.,0.,0.));
#2507=CARTESIAN_POINT('',(-115.,200.,77.));
#2508=AXIS2_PLACEMENT_3D('',#2509,#2510,#2511);
#2509=CARTESIAN_POINT('',(-107.,200.,77.));
#2510=DIRECTION('',(-8.75811540203011E-47,-1.,-6.12323399573677E-17));
#2511=DIRECTION('',(1.77635683940025E-15,-6.12323399573677E-17,1.));
#2512=CARTESIAN_POINT('',(-115.,200.,12.9999999999866));
#2513=CARTESIAN_POINT('',(-115.,200.,12.9999999999866));
#2514=VECTOR('',#2515,1.);
#2515=DIRECTION('',(4.4408920984997E-16,0.,1.));
#2516=CARTESIAN_POINT('',(-107.,200.,4.99999999998663));
#2517=AXIS2_PLACEMENT_3D('',#2518,#2519,#2520);
#2518=CARTESIAN_POINT('',(-107.,200.,12.9999999999866));
#2519=DIRECTION('',(0.,-1.,-6.12323399573677E-17));
#2520=DIRECTION('',(-1.,-8.15778644068135E-32,1.33226762955019E-15));
#2521=CARTESIAN_POINT('',(-73.,200.,4.99999999998663));
#2522=CARTESIAN_POINT('',(-73.,200.,4.99999999998663));
#2523=VECTOR('',#2524,1.);
#2524=DIRECTION('',(-1.,0.,-1.0449157878825E-16));
#2525=CARTESIAN_POINT('',(-65.,200.,12.9999999999866));
#2526=AXIS2_PLACEMENT_3D('',#2527,#2528,#2529);
#2527=CARTESIAN_POINT('',(-73.,200.,12.9999999999866));
#2528=DIRECTION('',(0.,-1.,-6.12323399573677E-17));
#2529=DIRECTION('',(0.,6.12323399573677E-17,-1.));
#2530=CARTESIAN_POINT('',(-65.,200.,77.));
#2531=VECTOR('',#2532,1.);
#2532=DIRECTION('',(0.,0.,-1.));
#2533=CARTESIAN_POINT('',(-73.,200.,-5.00000000000002));
#2534=AXIS2_PLACEMENT_3D('',#2535,#2536,#2537);
#2535=CARTESIAN_POINT('',(-73.,200.,-13.));
#2536=DIRECTION('',(0.,-1.,-6.12323399573677E-17));
#2537=DIRECTION('',(1.,-1.35963107344689E-32,2.22044604925031E-16));
#2538=CARTESIAN_POINT('',(-107.,200.,-5.00000000000002));
#2539=CARTESIAN_POINT('',(-107.,200.,-5.00000000000002));
#2540=VECTOR('',#2541,1.);
#2541=DIRECTION('',(1.,0.,1.30614473485313E-16));
#2542=CARTESIAN_POINT('',(-115.,200.,-13.));
#2543=AXIS2_PLACEMENT_3D('',#2544,#2545,#2546);
#2544=CARTESIAN_POINT('',(-107.,200.,-13.));
#2545=DIRECTION('',(0.,-1.,-6.12323399573677E-17));
#2546=DIRECTION('',(0.,-6.12323399573677E-17,1.));
#2547=CARTESIAN_POINT('',(-115.,200.,-77.0000000000134));
#2548=CARTESIAN_POINT('',(-115.,200.,-77.0000000000134));
#2549=VECTOR('',#2550,1.);
#2550=DIRECTION('',(2.22044604924985E-16,0.,1.));
#2551=CARTESIAN_POINT('',(-107.,200.,-85.0000000000134));
#2552=AXIS2_PLACEMENT_3D('',#2553,#2554,#2555);
#2553=CARTESIAN_POINT('',(-107.,200.,-77.0000000000134));
#2554=DIRECTION('',(0.,-1.,-6.12323399573677E-17));
#2555=DIRECTION('',(-1.,-1.08770485875751E-31,1.77635683940025E-15));
#2556=CARTESIAN_POINT('',(-73.,200.,-85.0000000000134));
#2557=CARTESIAN_POINT('',(-73.,200.,-85.0000000000134));
#2558=VECTOR('',#2559,1.);
#2559=DIRECTION('',(-1.,0.,4.17966315153E-16));
#2560=AXIS2_PLACEMENT_3D('',#2561,#2562,#2563);
#2561=CARTESIAN_POINT('',(-73.,200.,-77.0000000000134));
#2562=DIRECTION('',(0.,-1.,-6.12323399573677E-17));
#2563=DIRECTION('',(0.,6.12323399573677E-17,-1.));
#2564=CARTESIAN_POINT('',(-13.,200.,-85.0000000000133));
#2565=AXIS2_PLACEMENT_3D('',#2566,#2567,#2568);
#2566=CARTESIAN_POINT('',(-13.,200.,-77.0000000000133));
#2567=DIRECTION('',(0.,-1.,-6.12323399573677E-17));
#2568=DIRECTION('',(0.,6.12323399573677E-17,-1.));
#2569=CARTESIAN_POINT('',(-13.,200.,-5.00000000000001));
#2570=AXIS2_PLACEMENT_3D('',#2571,#2572,#2573);
#2571=CARTESIAN_POINT('',(-13.,200.,-13.));
#2572=DIRECTION('',(0.,-1.,-6.12323399573677E-17));
#2573=DIRECTION('',(1.,-4.07889322034067E-32,6.66133814775094E-16));
#2574=CARTESIAN_POINT('',(-47.,200.,-5.00000000000001));
#2575=CARTESIAN_POINT('',(-47.,200.,-5.00000000000001));
#2576=VECTOR('',#2577,1.);
#2577=DIRECTION('',(1.,0.,1.0449157878825E-16));
#2578=AXIS2_PLACEMENT_3D('',#2579,#2580,#2581);
#2579=CARTESIAN_POINT('',(-47.,200.,-13.));
#2580=DIRECTION('',(0.,-1.,-6.12323399573677E-17));
#2581=DIRECTION('',(0.,-6.12323399573677E-17,1.));
#2582=CARTESIAN_POINT('',(-13.,200.,-85.0000000000133));
#2583=VECTOR('',#2584,1.);
#2584=DIRECTION('',(-1.,0.,0.));
#2585=CARTESIAN_POINT('',(-13.,200.,85.));
#2586=CARTESIAN_POINT('',(-5.00000000000001,200.,77.));
#2587=AXIS2_PLACEMENT_3D('',#2588,#2589,#2590);
#2588=CARTESIAN_POINT('',(-13.,200.,77.));
#2589=DIRECTION('',(0.,-1.,-6.12323399573677E-17));
#2590=DIRECTION('',(1.,1.08770485875751E-31,-1.77635683940025E-15));
#2591=CARTESIAN_POINT('',(-47.,200.,85.));
#2592=CARTESIAN_POINT('',(-47.,200.,85.));
#2593=VECTOR('',#2594,1.);
#2594=DIRECTION('',(1.,0.,0.));
#2595=CARTESIAN_POINT('',(-55.,200.,77.));
#2596=AXIS2_PLACEMENT_3D('',#2597,#2598,#2599);
#2597=CARTESIAN_POINT('',(-47.,200.,77.));
#2598=DIRECTION('',(0.,-1.,-6.12323399573677E-17));
#2599=DIRECTION('',(-1.77635683940025E-15,-6.12323399573677E-17,1.));
#2600=CARTESIAN_POINT('',(-55.,200.,12.9999999999866));
#2601=CARTESIAN_POINT('',(-55.,200.,12.9999999999866));
#2602=VECTOR('',#2603,1.);
#2603=DIRECTION('',(3.33066907387477E-16,0.,1.));
#2604=CARTESIAN_POINT('',(-47.,200.,4.99999999998665));
#2605=AXIS2_PLACEMENT_3D('',#2606,#2607,#2608);
#2606=CARTESIAN_POINT('',(-47.,200.,12.9999999999866));
#2607=DIRECTION('',(2.73691106313441E-48,-1.,-6.12323399573677E-17));
#2608=DIRECTION('',(-1.,-1.35963107344689E-32,2.22044604925031E-16));
#2609=CARTESIAN_POINT('',(-13.,200.,4.99999999998665));
#2610=CARTESIAN_POINT('',(-13.,200.,4.99999999998665));
#2611=VECTOR('',#2612,1.);
#2612=DIRECTION('',(-1.,0.,-1.30614473485313E-16));
#2613=CARTESIAN_POINT('',(-5.00000000000001,200.,12.9999999999867));
#2614=AXIS2_PLACEMENT_3D('',#2615,#2616,#2617);
#2615=CARTESIAN_POINT('',(-13.,200.,12.9999999999867));
#2616=DIRECTION('',(0.,-1.,-6.12323399573677E-17));
#2617=DIRECTION('',(0.,6.12323399573677E-17,-1.));
#2618=CARTESIAN_POINT('',(-5.00000000000001,200.,77.));
#2619=VECTOR('',#2620,1.);
#2620=DIRECTION('',(1.11022302462493E-16,0.,-1.));
#2621=CARTESIAN_POINT('',(73.,200.,-85.0000000000133));
#2622=AXIS2_PLACEMENT_3D('',#2623,#2624,#2625);
#2623=CARTESIAN_POINT('',(73.,200.,-77.0000000000133));
#2624=DIRECTION('',(0.,-1.,-6.12323399573677E-17));
#2625=DIRECTION('',(-1.,0.,0.));
#2626=CARTESIAN_POINT('',(107.,200.,-85.0000000000133));
#2627=CARTESIAN_POINT('',(107.,200.,-85.0000000000133));
#2628=VECTOR('',#2629,1.);
#2629=DIRECTION('',(-1.,0.,0.));
#2630=AXIS2_PLACEMENT_3D('',#2631,#2632,#2633);
#2631=CARTESIAN_POINT('',(107.,200.,-77.0000000000133));
#2632=DIRECTION('',(0.,-1.,-6.12323399573677E-17));
#2633=DIRECTION('',(0.,6.12323399573677E-17,-1.));
#2634=CARTESIAN_POINT('',(107.,200.,-4.99999999999999));
#2635=AXIS2_PLACEMENT_3D('',#2636,#2637,#2638);
#2636=CARTESIAN_POINT('',(107.,200.,-13.));
#2637=DIRECTION('',(0.,-1.,-6.12323399573677E-17));
#2638=DIRECTION('',(1.,-1.35963107344689E-32,2.22044604925031E-16));
#2639=CARTESIAN_POINT('',(73.,200.,-5.));
#2640=CARTESIAN_POINT('',(73.,200.,-5.));
#2641=VECTOR('',#2642,1.);
#2642=DIRECTION('',(1.,0.,1.30614473485313E-16));
#2643=AXIS2_PLACEMENT_3D('',#2644,#2645,#2646);
#2644=CARTESIAN_POINT('',(73.,200.,-13.));
#2645=DIRECTION('',(0.,-1.,-6.12323399573677E-17));
#2646=DIRECTION('',(-1.77635683940025E-15,-6.12323399573677E-17,1.));
#2647=CARTESIAN_POINT('',(107.,200.,85.));
#2648=CARTESIAN_POINT('',(115.,200.,77.));
#2649=AXIS2_PLACEMENT_3D('',#2650,#2651,#2652);
#2650=CARTESIAN_POINT('',(107.,200.,77.));
#2651=DIRECTION('',(0.,-1.,-6.12323399573677E-17));
#2652=DIRECTION('',(1.,1.08770485875751E-31,-1.77635683940024E-15));
#2653=CARTESIAN_POINT('',(73.,200.,85.));
#2654=CARTESIAN_POINT('',(73.,200.,85.));
#2655=VECTOR('',#2656,1.);
#2656=DIRECTION('',(1.,0.,0.));
#2657=CARTESIAN_POINT('',(65.,200.,77.));
#2658=AXIS2_PLACEMENT_3D('',#2659,#2660,#2661);
#2659=CARTESIAN_POINT('',(73.,200.,77.));
#2660=DIRECTION('',(0.,-1.,-6.12323399573677E-17));
#2661=DIRECTION('',(1.77635683940025E-15,-6.12323399573677E-17,1.));
#2662=CARTESIAN_POINT('',(65.,200.,12.9999999999867));
#2663=CARTESIAN_POINT('',(65.,200.,12.9999999999867));
#2664=VECTOR('',#2665,1.);
#2665=DIRECTION('',(0.,0.,1.));
#2666=CARTESIAN_POINT('',(73.,200.,4.99999999998666));
#2667=AXIS2_PLACEMENT_3D('',#2668,#2669,#2670);
#2668=CARTESIAN_POINT('',(73.,200.,12.9999999999867));
#2669=DIRECTION('',(0.,-1.,-6.12323399573677E-17));
#2670=DIRECTION('',(-1.,1.35963107344689E-32,-2.22044604925031E-16));
#2671=CARTESIAN_POINT('',(107.,200.,4.99999999998667));
#2672=CARTESIAN_POINT('',(107.,200.,4.99999999998667));
#2673=VECTOR('',#2674,1.);
#2674=DIRECTION('',(-1.,0.,-1.0449157878825E-16));
#2675=CARTESIAN_POINT('',(115.,200.,12.9999999999867));
#2676=AXIS2_PLACEMENT_3D('',#2677,#2678,#2679);
#2677=CARTESIAN_POINT('',(107.,200.,12.9999999999867));
#2678=DIRECTION('',(0.,-1.,-6.12323399573677E-17));
#2679=DIRECTION('',(0.,6.12323399573677E-17,-1.));
#2680=CARTESIAN_POINT('',(115.,200.,77.));
#2681=VECTOR('',#2682,1.);
#2682=DIRECTION('',(0.,0.,-1.));
#2683=CARTESIAN_POINT('',(47.,200.,-85.0000000000134));
#2684=AXIS2_PLACEMENT_3D('',#2685,#2686,#2687);
#2685=CARTESIAN_POINT('',(47.,200.,-77.0000000000133));
#2686=DIRECTION('',(0.,-1.,-6.12323399573677E-17));
#2687=DIRECTION('',(0.,6.12323399573677E-17,-1.));
#2688=CARTESIAN_POINT('',(47.,200.,-5.));
#2689=AXIS2_PLACEMENT_3D('',#2690,#2691,#2692);
#2690=CARTESIAN_POINT('',(47.,200.,-13.));
#2691=DIRECTION('',(0.,-1.,-6.12323399573677E-17));
#2692=DIRECTION('',(1.,-1.35963107344689E-32,2.22044604925031E-16));
#2693=CARTESIAN_POINT('',(13.,200.,-5.00000000000001));
#2694=CARTESIAN_POINT('',(13.,200.,-5.00000000000001));
#2695=VECTOR('',#2696,1.);
#2696=DIRECTION('',(1.,0.,1.0449157878825E-16));
#2697=AXIS2_PLACEMENT_3D('',#2698,#2699,#2700);
#2698=CARTESIAN_POINT('',(13.,200.,-13.));
#2699=DIRECTION('',(0.,-1.,-6.12323399573677E-17));
#2700=DIRECTION('',(-4.44089209850063E-16,-6.12323399573677E-17,1.));
#2701=CARTESIAN_POINT('',(13.,200.,-85.0000000000134));
#2702=AXIS2_PLACEMENT_3D('',#2703,#2704,#2705);
#2703=CARTESIAN_POINT('',(13.,200.,-77.0000000000133));
#2704=DIRECTION('',(0.,-1.,-6.12323399573677E-17));
#2705=DIRECTION('',(-1.,0.,0.));
#2706=CARTESIAN_POINT('',(47.,200.,-85.0000000000134));
#2707=VECTOR('',#2708,1.);
#2708=DIRECTION('',(-1.,0.,0.));
#2709=CARTESIAN_POINT('',(-47.,10.,-5.00000000000003));
#2710=VECTOR('',#2711,1.);
#2711=DIRECTION('',(0.,1.,6.07701024005349E-17));
#2712=CARTESIAN_POINT('',(-13.,10.,-5.00000000000002));
#2713=VECTOR('',#2714,1.);
#2714=DIRECTION('',(3.73969860926368E-17,1.,5.60954791389553E-17));
#2715=CARTESIAN_POINT('',(-13.,10.,-85.0000000000134));
#2716=VECTOR('',#2717,1.);
#2717=DIRECTION('',(0.,1.,7.47939721852737E-17));
#2718=CARTESIAN_POINT('',(73.,10.,-85.0000000000133));
#2719=AXIS2_PLACEMENT_3D('',#2720,#2721,#2722);
#2720=CARTESIAN_POINT('',(73.,10.,-77.0000000000133));
#2721=DIRECTION('',(0.,1.,6.12323399573677E-17));
#2722=DIRECTION('',(0.,6.12323399573677E-17,-1.));
#2723=CARTESIAN_POINT('',(73.,10.,-5.00000000000001));
#2724=AXIS2_PLACEMENT_3D('',#2725,#2726,#2727);
#2725=CARTESIAN_POINT('',(73.,10.,-13.));
#2726=DIRECTION('',(0.,1.,6.12323399573677E-17));
#2727=DIRECTION('',(-1.,1.35963107344689E-32,-2.22044604925031E-16));
#2728=CARTESIAN_POINT('',(107.,10.,-5.00000000000001));
#2729=CARTESIAN_POINT('',(73.,10.,-5.00000000000001));
#2730=VECTOR('',#2731,1.);
#2731=DIRECTION('',(1.,0.,1.0449157878825E-16));
#2732=AXIS2_PLACEMENT_3D('',#2733,#2734,#2735);
#2733=CARTESIAN_POINT('',(107.,10.,-13.));
#2734=DIRECTION('',(0.,1.,6.12323399573677E-17));
#2735=DIRECTION('',(0.,-6.12323399573677E-17,1.));
#2736=CARTESIAN_POINT('',(107.,10.,-85.0000000000133));
#2737=AXIS2_PLACEMENT_3D('',#2738,#2739,#2740);
#2738=CARTESIAN_POINT('',(107.,10.,-77.0000000000133));
#2739=DIRECTION('',(0.,1.,6.12323399573677E-17));
#2740=DIRECTION('',(1.,0.,0.));
#2741=CARTESIAN_POINT('',(107.,10.,-85.0000000000133));
#2742=VECTOR('',#2743,1.);
#2743=DIRECTION('',(-1.,0.,0.));
#2744=CARTESIAN_POINT('',(73.,10.,-85.0000000000133));
#2745=VECTOR('',#2746,1.);
#2746=DIRECTION('',(0.,1.,7.47939721852737E-17));
#2747=CARTESIAN_POINT('',(73.,10.,-5.00000000000001));
#2748=VECTOR('',#2749,1.);
#2749=DIRECTION('',(0.,1.,6.54447256621145E-17));
#2750=CARTESIAN_POINT('',(107.,10.,-5.00000000000001));
#2751=VECTOR('',#2752,1.);
#2752=DIRECTION('',(0.,1.,5.60954791389553E-17));
#2753=CARTESIAN_POINT('',(107.,10.,-85.0000000000133));
#2754=VECTOR('',#2755,1.);
#2755=DIRECTION('',(0.,1.,7.47939721852737E-17));
#2756=CARTESIAN_POINT('',(47.,10.,-85.0000000000133));
#2757=AXIS2_PLACEMENT_3D('',#2758,#2759,#2760);
#2758=CARTESIAN_POINT('',(47.,10.,-77.0000000000133));
#2759=DIRECTION('',(0.,1.,6.12323399573677E-17));
#2760=DIRECTION('',(1.,1.08770485875751E-31,-1.77635683940025E-15));
#2761=CARTESIAN_POINT('',(13.,10.,-85.0000000000134));
#2762=CARTESIAN_POINT('',(47.,10.,-85.0000000000134));
#2763=VECTOR('',#2764,1.);
#2764=DIRECTION('',(-1.,0.,0.));
#2765=AXIS2_PLACEMENT_3D('',#2766,#2767,#2768);
#2766=CARTESIAN_POINT('',(13.,10.,-77.0000000000134));
#2767=DIRECTION('',(0.,1.,6.12323399573677E-17));
#2768=DIRECTION('',(4.44089209850063E-16,6.12323399573677E-17,-1.));
#2769=CARTESIAN_POINT('',(13.,10.,-5.00000000000002));
#2770=AXIS2_PLACEMENT_3D('',#2771,#2772,#2773);
#2771=CARTESIAN_POINT('',(13.,10.,-13.));
#2772=DIRECTION('',(0.,1.,6.12323399573677E-17));
#2773=DIRECTION('',(-1.,1.35963107344689E-32,-2.22044604925031E-16));
#2774=CARTESIAN_POINT('',(47.,10.,-5.00000000000001));
#2775=CARTESIAN_POINT('',(13.,10.,-5.00000000000002));
#2776=VECTOR('',#2777,1.);
#2777=DIRECTION('',(1.,0.,1.0449157878825E-16));
#2778=AXIS2_PLACEMENT_3D('',#2779,#2780,#2781);
#2779=CARTESIAN_POINT('',(47.,10.,-13.));
#2780=DIRECTION('',(0.,1.,6.12323399573677E-17));
#2781=DIRECTION('',(-1.77635683940025E-15,-6.12323399573677E-17,1.));
#2782=CARTESIAN_POINT('',(13.,10.,-85.0000000000134));
#2783=VECTOR('',#2784,1.);
#2784=DIRECTION('',(0.,1.,0.));
#2785=CARTESIAN_POINT('',(13.,10.,-5.00000000000002));
#2786=VECTOR('',#2787,1.);
#2787=DIRECTION('',(0.,1.,6.07701024005349E-17));
#2788=CARTESIAN_POINT('',(47.,10.,-5.00000000000001));
#2789=VECTOR('',#2790,1.);
#2790=DIRECTION('',(3.73969860926368E-17,1.,6.54447256621145E-17));
#2791=CARTESIAN_POINT('',(47.,10.,-85.0000000000133));
#2792=VECTOR('',#2793,1.);
#2793=DIRECTION('',(0.,1.,0.));
#2794=CARTESIAN_POINT('',(116.,-6.45063178302485E-15,100.));
#2795=CARTESIAN_POINT('',(116.,-6.61433067666888E-15,100.));
#2796=VECTOR('',#2797,1.);
#2797=DIRECTION('',(0.,1.,7.105427357601E-17));
#2798=AXIS2_PLACEMENT_3D('',#2799,#2800,#2801);
#2799=CARTESIAN_POINT('',(116.,-5.26598123633362E-15,86.));
#2800=DIRECTION('',(0.,-1.,-6.12323399573677E-17));
#2801=DIRECTION('',(1.,0.,0.));
#2802=CARTESIAN_POINT('',(-130.,-5.87912994342275E-15,86.));
#2803=CARTESIAN_POINT('',(-116.,-6.45063178302484E-15,100.));
#2804=AXIS2_PLACEMENT_3D('',#2805,#2806,#2807);
#2805=CARTESIAN_POINT('',(-116.,-5.26598123633362E-15,86.));
#2806=DIRECTION('',(0.,-1.,-6.12323399573677E-17));
#2807=DIRECTION('',(0.,-6.12323399573677E-17,1.));
#2808=CARTESIAN_POINT('',(-130.,5.87912994342275E-15,-86.));
#2809=CARTESIAN_POINT('',(-130.,5.26598123633362E-15,-86.));
#2810=VECTOR('',#2811,1.);
#2811=DIRECTION('',(0.,-6.12323399573677E-17,1.));
#2812=CARTESIAN_POINT('',(-116.,6.45063178302484E-15,-100.));
#2813=AXIS2_PLACEMENT_3D('',#2814,#2815,#2816);
#2814=CARTESIAN_POINT('',(-116.,5.26598123633362E-15,-86.));
#2815=DIRECTION('',(0.,-1.,-6.12323399573677E-17));
#2816=DIRECTION('',(-1.,0.,0.));
#2817=CARTESIAN_POINT('',(116.,6.45063178302484E-15,-100.));
#2818=CARTESIAN_POINT('',(116.,6.12323399573677E-15,-100.));
#2819=VECTOR('',#2820,1.);
#2820=DIRECTION('',(-1.,6.80052504500872E-33,-1.225073682345E-16));
#2821=AXIS2_PLACEMENT_3D('',#2822,#2823,#2824);
#2822=CARTESIAN_POINT('',(116.,5.26598123633362E-15,-86.));
#2823=DIRECTION('',(0.,-1.,-6.12323399573677E-17));
#2824=DIRECTION('',(0.,6.12323399573677E-17,-1.));
#2825=CARTESIAN_POINT('',(-116.,-6.12323399573677E-15,100.));
#2826=VECTOR('',#2827,1.);
#2827=DIRECTION('',(1.,-1.02007875675131E-32,1.225073682345E-16));
#2828=CARTESIAN_POINT('',(116.,175.900142450431,-100.));
#2829=CARTESIAN_POINT('',(116.,175.900142450431,-100.));
#2830=VECTOR('',#2831,1.);
#2831=DIRECTION('',(0.,1.,5.8966550677626E-16));
#2832=CARTESIAN_POINT('',(116.,6.61433067666888E-15,-100.));
#2833=VECTOR('',#2834,1.);
#2834=DIRECTION('',(0.,1.,8.07893303395511E-17));
#2835=CARTESIAN_POINT('',(-73.,10.,-5.00000000000003));
#2836=AXIS2_PLACEMENT_3D('',#2837,#2838,#2839);
#2837=CARTESIAN_POINT('',(-73.,10.,-13.));
#2838=DIRECTION('',(0.,1.,6.12323399573677E-17));
#2839=DIRECTION('',(0.,-6.12323399573677E-17,1.));
#2840=CARTESIAN_POINT('',(-73.,10.,-85.0000000000134));
#2841=AXIS2_PLACEMENT_3D('',#2842,#2843,#2844);
#2842=CARTESIAN_POINT('',(-73.,10.,-77.0000000000134));
#2843=DIRECTION('',(0.,1.,6.12323399573677E-17));
#2844=DIRECTION('',(1.,1.08770485875751E-31,-1.77635683940025E-15));
#2845=CARTESIAN_POINT('',(-107.,10.,-85.0000000000134));
#2846=CARTESIAN_POINT('',(-73.,10.,-85.0000000000134));
#2847=VECTOR('',#2848,1.);
#2848=DIRECTION('',(-1.,0.,0.));
#2849=CARTESIAN_POINT('',(-115.,10.,-77.0000000000134));
#2850=AXIS2_PLACEMENT_3D('',#2851,#2852,#2853);
#2851=CARTESIAN_POINT('',(-107.,10.,-77.0000000000134));
#2852=DIRECTION('',(0.,1.,6.12323399573677E-17));
#2853=DIRECTION('',(0.,6.12323399573677E-17,-1.));
#2854=CARTESIAN_POINT('',(-115.,10.,-13.));
#2855=CARTESIAN_POINT('',(-115.,10.,-77.0000000000134));
#2856=VECTOR('',#2857,1.);
#2857=DIRECTION('',(0.,-8.32667268468693E-17,1.));
#2858=CARTESIAN_POINT('',(-107.,10.,-5.00000000000003));
#2859=AXIS2_PLACEMENT_3D('',#2860,#2861,#2862);
#2860=CARTESIAN_POINT('',(-107.,10.,-13.));
#2861=DIRECTION('',(0.,1.,6.12323399573677E-17));
#2862=DIRECTION('',(-1.,1.35963107344689E-32,-2.22044604925032E-16));
#2863=CARTESIAN_POINT('',(-90.,10.,-5.00000000000003));
#2864=CARTESIAN_POINT('',(-107.,10.,-5.00000000000003));
#2865=VECTOR('',#2866,1.);
#2866=DIRECTION('',(1.,0.,1.0449157878825E-16));
#2867=CARTESIAN_POINT('',(-90.,10.,-5.00000000000003));
#2868=VECTOR('',#2869,1.);
#2869=DIRECTION('',(1.,0.,1.56737368182375E-16));
#2870=CARTESIAN_POINT('',(-73.,10.,-5.00000000000003));
#2871=VECTOR('',#2872,1.);
#2872=DIRECTION('',(0.,1.,5.60954791389553E-17));
#2873=CARTESIAN_POINT('',(-73.,10.,-85.0000000000134));
#2874=VECTOR('',#2875,1.);
#2875=DIRECTION('',(0.,1.,7.47939721852737E-17));
#2876=CARTESIAN_POINT('',(58.,211.,-100.));
#2877=CARTESIAN_POINT('',(58.,200.,-100.));
#2878=VECTOR('',#2879,1.);
#2879=DIRECTION('',(0.,1.,-2.58379176640036E-15));
#2880=CARTESIAN_POINT('',(116.,211.,-100.));
#2881=CARTESIAN_POINT('',(116.,200.,-100.));
#2882=VECTOR('',#2883,1.);
#2883=DIRECTION('',(0.,1.,-2.58379176640036E-15));
#2884=CARTESIAN_POINT('',(58.,211.,-100.));
#2885=VECTOR('',#2886,1.);
#2886=DIRECTION('',(1.,0.,0.));
#2887=CARTESIAN_POINT('',(58.,201.100040178327,-115.794871794872));
#2888=AXIS2_PLACEMENT_3D('',#2889,#2890,#2891);
#2889=CARTESIAN_POINT('',(58.,175.900142450431,-128.));
#2890=DIRECTION('',(-1.,0.,0.));
#2891=DIRECTION('',(0.,0.860709198198876,0.509096922143366));
#2892=AXIS2_PLACEMENT_3D('',#2893,#2894,#2895);
#2893=CARTESIAN_POINT('',(58.,211.,-111.));
#2894=DIRECTION('',(1.,0.,0.));
#2895=DIRECTION('',(0.,-0.899996347424834,-0.435897435897434));
#2896=CARTESIAN_POINT('',(58.,216.,-111.));
#2897=AXIS2_PLACEMENT_3D('',#2898,#2899,#2900);
#2898=CARTESIAN_POINT('',(58.,211.,-111.));
#2899=DIRECTION('',(1.,0.,0.));
#2900=DIRECTION('',(0.,1.,6.12323399573677E-17));
#2901=CARTESIAN_POINT('',(116.,201.100040178327,-115.794871794872));
#2902=CARTESIAN_POINT('',(58.,201.100040178327,-115.794871794872));
#2903=VECTOR('',#2904,1.);
#2904=DIRECTION('',(1.,0.,0.));
#2905=AXIS2_PLACEMENT_3D('',#2906,#2907,#2908);
#2906=CARTESIAN_POINT('',(116.,175.900142450431,-128.));
#2907=DIRECTION('',(-1.,0.,0.));
#2908=DIRECTION('',(0.,0.,1.));
#2909=CARTESIAN_POINT('',(-116.,175.900142450431,-100.));
#2910=CARTESIAN_POINT('',(-116.,175.900142450431,-100.));
#2911=VECTOR('',#2912,1.);
#2912=DIRECTION('',(1.,0.,6.125368411725E-17));
#2913=CARTESIAN_POINT('',(-116.,201.100040178327,-115.794871794872));
#2914=AXIS2_PLACEMENT_3D('',#2915,#2916,#2917);
#2915=CARTESIAN_POINT('',(-116.,175.900142450431,-128.));
#2916=DIRECTION('',(-1.,0.,0.));
#2917=DIRECTION('',(0.,0.,1.));
#2918=CARTESIAN_POINT('',(-58.,201.100040178327,-115.794871794872));
#2919=CARTESIAN_POINT('',(-116.,201.100040178327,-115.794871794872));
#2920=VECTOR('',#2921,1.);
#2921=DIRECTION('',(1.,0.,0.));
#2922=AXIS2_PLACEMENT_3D('',#2923,#2924,#2925);
#2923=CARTESIAN_POINT('',(-58.,175.900142450431,-128.));
#2924=DIRECTION('',(-1.,-3.22973970800046E-16,0.));
#2925=DIRECTION('',(-2.77986667446414E-16,0.860709198198876,0.509096922143366));
#2926=CARTESIAN_POINT('',(-58.,211.,-100.));
#2927=AXIS2_PLACEMENT_3D('',#2928,#2929,#2930);
#2928=CARTESIAN_POINT('',(-58.,211.,-111.));
#2929=DIRECTION('',(1.,3.22973970800046E-16,0.));
#2930=DIRECTION('',(2.90675394033336E-16,-0.899996347424834,-0.435897435897434));
#2931=CARTESIAN_POINT('',(-58.,211.,-100.));
#2932=VECTOR('',#2933,1.);
#2933=DIRECTION('',(6.45947941600091E-16,-1.,2.58379176640036E-15));
#2934=CARTESIAN_POINT('',(-58.,216.,-111.));
#2935=AXIS2_PLACEMENT_3D('',#2936,#2937,#2938);
#2936=CARTESIAN_POINT('',(-58.,211.,-111.));
#2937=DIRECTION('',(1.,3.22973970800046E-16,0.));
#2938=DIRECTION('',(-3.22973970800046E-16,1.,6.12323399573677E-17));
#2939=CARTESIAN_POINT('',(-116.,211.,-100.));
#2940=CARTESIAN_POINT('',(-116.,211.,-100.));
#2941=VECTOR('',#2942,1.);
#2942=DIRECTION('',(1.,0.,0.));
#2943=CARTESIAN_POINT('',(-116.,200.,-100.));
#2944=VECTOR('',#2945,1.);
#2945=DIRECTION('',(0.,1.,-2.58379176640036E-15));
#2946=CARTESIAN_POINT('',(-116.,175.900142450431,-100.));
#2947=VECTOR('',#2948,1.);
#2948=DIRECTION('',(0.,1.,0.));
#2949=CARTESIAN_POINT('',(-116.,6.61433067666888E-15,-100.));
#2950=VECTOR('',#2951,1.);
#2951=DIRECTION('',(0.,1.,8.07893303395511E-17));
#2952=CARTESIAN_POINT('',(-130.,6.18570429696731E-15,-86.));
#2953=VECTOR('',#2954,1.);
#2954=DIRECTION('',(0.,1.,7.105427357601E-17));
#2955=CARTESIAN_POINT('',(-130.,-6.18570429696731E-15,86.));
#2956=VECTOR('',#2957,1.);
#2957=DIRECTION('',(0.,1.,7.105427357601E-17));
#2958=CARTESIAN_POINT('',(-116.,-6.61433067666888E-15,100.));
#2959=VECTOR('',#2960,1.);
#2960=DIRECTION('',(0.,1.,7.105427357601E-17));
#2961=CARTESIAN_POINT('',(107.,9.99999999999999,85.));
#2962=CARTESIAN_POINT('',(107.,10.,85.));
#2963=VECTOR('',#2964,1.);
#2964=DIRECTION('',(7.47939721852737E-17,1.,0.));
#2965=CARTESIAN_POINT('',(115.,9.99999999999999,77.));
#2966=CARTESIAN_POINT('',(115.,10.,77.));
#2967=VECTOR('',#2968,1.);
#2968=DIRECTION('',(7.47939721852737E-17,1.,0.));
#2969=AXIS2_PLACEMENT_3D('',#2970,#2971,#2972);
#2970=CARTESIAN_POINT('',(107.,9.99999999999999,77.));
#2971=DIRECTION('',(0.,1.,6.12323399573677E-17));
#2972=DIRECTION('',(1.77635683940025E-15,-6.12323399573677E-17,1.));
#2973=CARTESIAN_POINT('',(73.,9.99999999999999,85.));
#2974=CARTESIAN_POINT('',(73.,9.99999999999999,85.));
#2975=VECTOR('',#2976,1.);
#2976=DIRECTION('',(1.,0.,0.));
#2977=CARTESIAN_POINT('',(73.,9.99999999999999,85.));
#2978=VECTOR('',#2979,1.);
#2979=DIRECTION('',(0.,1.,0.));
#2980=CARTESIAN_POINT('',(65.,9.99999999999999,77.));
#2981=CARTESIAN_POINT('',(65.,9.99999999999999,77.));
#2982=VECTOR('',#2983,1.);
#2983=DIRECTION('',(0.,1.,0.));
#2984=AXIS2_PLACEMENT_3D('',#2985,#2986,#2987);
#2985=CARTESIAN_POINT('',(73.,9.99999999999999,77.));
#2986=DIRECTION('',(0.,1.,6.12323399573677E-17));
#2987=DIRECTION('',(-1.,0.,0.));
#2988=CARTESIAN_POINT('',(65.,10.,44.9999999999933));
#2989=AXIS2_PLACEMENT_3D('',#2990,#2991,#2992);
#2990=CARTESIAN_POINT('',(65.,15.,44.9999999999933));
#2991=DIRECTION('',(1.,-1.07949387030226E-32,1.77635683939995E-16));
#2992=DIRECTION('',(-2.84984525548851E-31,-1.,1.54355015143494E-15));
#2993=CARTESIAN_POINT('',(65.,10.,12.9999999999866));
#2994=CARTESIAN_POINT('',(65.,10.,12.9999999999866));
#2995=VECTOR('',#2996,1.);
#2996=DIRECTION('',(0.,-1.11022302462493E-16,1.));
#2997=CARTESIAN_POINT('',(65.,10.,12.9999999999867));
#2998=VECTOR('',#2999,1.);
#2999=DIRECTION('',(0.,1.,5.60954791389553E-17));
#3000=CARTESIAN_POINT('',(65.,10.,44.9999999999933));
#3001=VECTOR('',#3002,1.);
#3002=DIRECTION('',(-4.4408920984997E-16,-5.55111512312462E-17,1.));
#3003=CARTESIAN_POINT('',(73.,10.,4.99999999998665));
#3004=CARTESIAN_POINT('',(73.,10.,4.99999999998665));
#3005=VECTOR('',#3006,1.);
#3006=DIRECTION('',(0.,1.,6.07701024005349E-17));
#3007=AXIS2_PLACEMENT_3D('',#3008,#3009,#3010);
#3008=CARTESIAN_POINT('',(73.,10.,12.9999999999867));
#3009=DIRECTION('',(0.,1.,6.12323399573677E-17));
#3010=DIRECTION('',(0.,6.12323399573677E-17,-1.));
#3011=CARTESIAN_POINT('',(107.,10.,4.99999999998666));
#3012=CARTESIAN_POINT('',(107.,10.,4.99999999998666));
#3013=VECTOR('',#3014,1.);
#3014=DIRECTION('',(0.,1.,6.07701024005349E-17));
#3015=CARTESIAN_POINT('',(107.,10.,4.99999999998666));
#3016=VECTOR('',#3017,1.);
#3017=DIRECTION('',(-1.,0.,-1.30614473485313E-16));
#3018=CARTESIAN_POINT('',(115.,10.,12.9999999999867));
#3019=CARTESIAN_POINT('',(115.,10.,12.9999999999867));
#3020=VECTOR('',#3021,1.);
#3021=DIRECTION('',(0.,1.,6.54447256621145E-17));
#3022=AXIS2_PLACEMENT_3D('',#3023,#3024,#3025);
#3023=CARTESIAN_POINT('',(107.,10.,12.9999999999867));
#3024=DIRECTION('',(0.,1.,6.12323399573677E-17));
#3025=DIRECTION('',(1.,-1.08770485875751E-31,1.77635683940025E-15));
#3026=CARTESIAN_POINT('',(115.,9.99999999999999,77.));
#3027=VECTOR('',#3028,1.);
#3028=DIRECTION('',(2.22044604924985E-16,8.32667268468694E-17,-1.));
#3029=CARTESIAN_POINT('',(47.,10.,85.));
#3030=CARTESIAN_POINT('',(47.,10.,85.));
#3031=VECTOR('',#3032,1.);
#3032=DIRECTION('',(3.73969860926368E-17,1.,7.47939721852737E-17));
#3033=CARTESIAN_POINT('',(55.,9.99999999999999,77.));
#3034=CARTESIAN_POINT('',(55.,10.,77.));
#3035=VECTOR('',#3036,1.);
#3036=DIRECTION('',(0.,1.,7.47939721852737E-17));
#3037=AXIS2_PLACEMENT_3D('',#3038,#3039,#3040);
#3038=CARTESIAN_POINT('',(47.,9.99999999999999,77.));
#3039=DIRECTION('',(0.,1.,6.12323399573677E-17));
#3040=DIRECTION('',(-1.77635683940025E-15,-6.12323399573677E-17,1.));
#3041=CARTESIAN_POINT('',(13.,9.99999999999999,85.));
#3042=CARTESIAN_POINT('',(13.,9.99999999999999,85.));
#3043=VECTOR('',#3044,1.);
#3044=DIRECTION('',(1.,0.,4.17966315153001E-16));
#3045=CARTESIAN_POINT('',(13.,10.,85.));
#3046=VECTOR('',#3047,1.);
#3047=DIRECTION('',(0.,1.,7.47939721852737E-17));
#3048=CARTESIAN_POINT('',(5.00000000000001,9.99999999999999,77.));
#3049=CARTESIAN_POINT('',(5.00000000000001,10.,77.));
#3050=VECTOR('',#3051,1.);
#3051=DIRECTION('',(0.,1.,7.47939721852737E-17));
#3052=AXIS2_PLACEMENT_3D('',#3053,#3054,#3055);
#3053=CARTESIAN_POINT('',(13.,9.99999999999999,77.));
#3054=DIRECTION('',(0.,1.,6.12323399573677E-17));
#3055=DIRECTION('',(-1.,0.,0.));
#3056=CARTESIAN_POINT('',(5.,10.,12.9999999999866));
#3057=CARTESIAN_POINT('',(5.,10.,12.9999999999866));
#3058=VECTOR('',#3059,1.);
#3059=DIRECTION('',(0.,1.,5.60954791389553E-17));
#3060=CARTESIAN_POINT('',(5.,10.,44.9999999999933));
#3061=CARTESIAN_POINT('',(5.,10.,44.9999999999933));
#3062=VECTOR('',#3063,1.);
#3063=DIRECTION('',(2.22044604924985E-16,-5.55111512312463E-17,1.));
#3064=AXIS2_PLACEMENT_3D('',#3065,#3066,#3067);
#3065=CARTESIAN_POINT('',(5.,15.,44.9999999999933));
#3066=DIRECTION('',(1.,1.41683570477171E-32,-2.33146835171244E-16));
#3067=DIRECTION('',(3.74042189782867E-31,-1.,1.54355015143494E-15));
#3068=CARTESIAN_POINT('',(4.99999999999999,10.,12.9999999999866));
#3069=VECTOR('',#3070,1.);
#3070=DIRECTION('',(2.77555756156231E-16,-1.11022302462493E-16,1.));
#3071=CARTESIAN_POINT('',(13.,10.,4.99999999998664));
#3072=CARTESIAN_POINT('',(13.,10.,4.99999999998664));
#3073=VECTOR('',#3074,1.);
#3074=DIRECTION('',(0.,1.,5.60954791389553E-17));
#3075=CARTESIAN_POINT('',(47.,10.,4.99999999998665));
#3076=CARTESIAN_POINT('',(47.,10.,4.99999999998665));
#3077=VECTOR('',#3078,1.);
#3078=DIRECTION('',(-1.,0.,-1.0449157878825E-16));
#3079=CARTESIAN_POINT('',(47.,10.,4.99999999998665));
#3080=VECTOR('',#3081,1.);
#3081=DIRECTION('',(0.,1.,5.14208558773756E-17));
#3082=CARTESIAN_POINT('',(55.,10.,12.9999999999867));
#3083=CARTESIAN_POINT('',(55.,10.,12.9999999999867));
#3084=VECTOR('',#3085,1.);
#3085=DIRECTION('',(0.,1.,1.86984930463184E-17));
#3086=AXIS2_PLACEMENT_3D('',#3087,#3088,#3089);
#3087=CARTESIAN_POINT('',(47.,10.,12.9999999999867));
#3088=DIRECTION('',(0.,1.,6.12323399573677E-17));
#3089=DIRECTION('',(1.,8.15778644068135E-32,-1.33226762955019E-15));
#3090=CARTESIAN_POINT('',(55.,10.,44.9999999999933));
#3091=AXIS2_PLACEMENT_3D('',#3092,#3093,#3094);
#3092=CARTESIAN_POINT('',(55.,15.,44.9999999999933));
#3093=DIRECTION('',(1.,0.,8.88178419699977E-17));
#3094=DIRECTION('',(-1.37094793422914E-31,-1.,1.54355015143494E-15));
#3095=CARTESIAN_POINT('',(55.,9.99999999999999,77.));
#3096=VECTOR('',#3097,1.);
#3097=DIRECTION('',(0.,5.55111512312462E-17,-1.));
#3098=CARTESIAN_POINT('',(55.,10.,44.9999999999933));
#3099=VECTOR('',#3100,1.);
#3100=DIRECTION('',(2.22044604924985E-16,1.11022302462493E-16,-1.));
#3101=CARTESIAN_POINT('',(-13.,9.99999999999999,85.));
#3102=CARTESIAN_POINT('',(-13.,10.,85.));
#3103=VECTOR('',#3104,1.);
#3104=DIRECTION('',(1.86984930463184E-17,1.,0.));
#3105=CARTESIAN_POINT('',(-5.00000000000002,9.99999999999999,77.));
#3106=CARTESIAN_POINT('',(-5.00000000000002,10.,77.));
#3107=VECTOR('',#3108,1.);
#3108=DIRECTION('',(9.34924652315921E-18,1.,0.));
#3109=AXIS2_PLACEMENT_3D('',#3110,#3111,#3112);
#3110=CARTESIAN_POINT('',(-13.,9.99999999999999,77.));
#3111=DIRECTION('',(0.,1.,6.12323399573677E-17));
#3112=DIRECTION('',(0.,-6.12323399573677E-17,1.));
#3113=CARTESIAN_POINT('',(-47.,9.99999999999999,85.));
#3114=CARTESIAN_POINT('',(-47.,9.99999999999999,85.));
#3115=VECTOR('',#3116,1.);
#3116=DIRECTION('',(1.,0.,0.));
#3117=CARTESIAN_POINT('',(-47.,9.99999999999999,85.));
#3118=VECTOR('',#3119,1.);
#3119=DIRECTION('',(0.,1.,0.));
#3120=CARTESIAN_POINT('',(-55.,9.99999999999999,77.));
#3121=CARTESIAN_POINT('',(-55.,9.99999999999999,77.));
#3122=VECTOR('',#3123,1.);
#3123=DIRECTION('',(0.,1.,7.47939721852737E-17));
#3124=AXIS2_PLACEMENT_3D('',#3125,#3126,#3127);
#3125=CARTESIAN_POINT('',(-47.,9.99999999999999,77.));
#3126=DIRECTION('',(0.,1.,6.12323399573677E-17));
#3127=DIRECTION('',(-1.,0.,0.));
#3128=CARTESIAN_POINT('',(-55.,10.,44.9999999999933));
#3129=AXIS2_PLACEMENT_3D('',#3130,#3131,#3132);
#3130=CARTESIAN_POINT('',(-55.,15.,44.9999999999933));
#3131=DIRECTION('',(1.,1.61924080545339E-32,-2.66453525909993E-16));
#3132=DIRECTION('',(4.27476788323276E-31,-1.,1.54355015143494E-15));
#3133=CARTESIAN_POINT('',(-55.,10.,12.9999999999866));
#3134=CARTESIAN_POINT('',(-55.,10.,12.9999999999866));
#3135=VECTOR('',#3136,1.);
#3136=DIRECTION('',(0.,-1.11022302462493E-16,1.));
#3137=CARTESIAN_POINT('',(-55.,10.,12.9999999999866));
#3138=VECTOR('',#3139,1.);
#3139=DIRECTION('',(0.,1.,7.47939721852737E-17));
#3140=CARTESIAN_POINT('',(-55.,10.,44.9999999999933));
#3141=VECTOR('',#3142,1.);
#3142=DIRECTION('',(4.4408920984997E-16,-5.55111512312462E-17,1.));
#3143=CARTESIAN_POINT('',(-47.,10.,4.99999999998664));
#3144=CARTESIAN_POINT('',(-47.,10.,4.99999999998664));
#3145=VECTOR('',#3146,1.);
#3146=DIRECTION('',(0.,1.,5.60954791389553E-17));
#3147=AXIS2_PLACEMENT_3D('',#3148,#3149,#3150);
#3148=CARTESIAN_POINT('',(-47.,10.,12.9999999999866));
#3149=DIRECTION('',(0.,1.,6.12323399573677E-17));
#3150=DIRECTION('',(8.88178419700125E-16,6.12323399573677E-17,-1.));
#3151=CARTESIAN_POINT('',(-13.,10.,4.99999999998664));
#3152=CARTESIAN_POINT('',(-13.,10.,4.99999999998664));
#3153=VECTOR('',#3154,1.);
#3154=DIRECTION('',(0.,1.,6.07701024005349E-17));
#3155=CARTESIAN_POINT('',(-13.,10.,4.99999999998664));
#3156=VECTOR('',#3157,1.);
#3157=DIRECTION('',(-1.,0.,-1.0449157878825E-16));
#3158=CARTESIAN_POINT('',(-5.00000000000001,10.,12.9999999999866));
#3159=CARTESIAN_POINT('',(-5.00000000000001,10.,12.9999999999866));
#3160=VECTOR('',#3161,1.);
#3161=DIRECTION('',(0.,1.,6.54447256621145E-17));
#3162=AXIS2_PLACEMENT_3D('',#3163,#3164,#3165);
#3163=CARTESIAN_POINT('',(-13.,10.,12.9999999999866));
#3164=DIRECTION('',(0.,1.,6.12323399573677E-17));
#3165=DIRECTION('',(1.,-8.15778644068135E-32,1.33226762955019E-15));
#3166=CARTESIAN_POINT('',(-5.00000000000001,10.,44.9999999999933));
#3167=AXIS2_PLACEMENT_3D('',#3168,#3169,#3170);
#3168=CARTESIAN_POINT('',(-5.00000000000001,15.,44.9999999999933));
#3169=DIRECTION('',(1.,-9.13417890255756E-33,1.22124532708747E-16));
#3170=DIRECTION('',(-1.97639519859065E-31,-1.,1.54355015143494E-15));
#3171=CARTESIAN_POINT('',(-5.00000000000002,9.99999999999999,77.));
#3172=VECTOR('',#3173,1.);
#3173=DIRECTION('',(1.38777878078116E-16,5.55111512312462E-17,-1.));
#3174=CARTESIAN_POINT('',(-5.00000000000001,10.,44.9999999999933));
#3175=VECTOR('',#3176,1.);
#3176=DIRECTION('',(1.11022302462493E-16,1.11022302462493E-16,-1.));
#3177=CARTESIAN_POINT('',(-90.,20.,-5.00000000000003));
#3178=AXIS2_PLACEMENT_3D('',#3179,#3180,#3181);
#3179=CARTESIAN_POINT('',(-90.,15.,-5.00000000000003));
#3180=DIRECTION('',(-1.24344978758018E-16,-6.07701024005349E-17,1.));
#3181=DIRECTION('',(-7.55645709211706E-33,1.,6.07701024005349E-17));
#3182=CARTESIAN_POINT('',(-107.,10.,-5.00000000000003));
#3183=VECTOR('',#3184,1.);
#3184=DIRECTION('',(0.,1.,6.07701024005349E-17));
#3185=AXIS2_PLACEMENT_3D('',#3186,#3187,#3188);
#3186=CARTESIAN_POINT('',(-90.,15.,-5.00000000000003));
#3187=DIRECTION('',(-1.24344978758018E-16,-6.07701024005349E-17,1.));
#3188=DIRECTION('',(7.55645709211706E-33,-1.,-6.07701024005349E-17));
#3189=CARTESIAN_POINT('',(-115.,10.,-13.));
#3190=VECTOR('',#3191,1.);
#3191=DIRECTION('',(0.,1.,5.60954791389553E-17));
#3192=CARTESIAN_POINT('',(-115.,10.,-77.0000000000134));
#3193=VECTOR('',#3194,1.);
#3194=DIRECTION('',(0.,1.,7.47939721852737E-17));
#3195=CARTESIAN_POINT('',(-107.,10.,-85.0000000000134));
#3196=VECTOR('',#3197,1.);
#3197=DIRECTION('',(0.,1.,7.47939721852737E-17));
#3198=CARTESIAN_POINT('',(-73.,9.99999999999999,85.));
#3199=CARTESIAN_POINT('',(-73.,10.,85.));
#3200=VECTOR('',#3201,1.);
#3201=DIRECTION('',(7.47939721852737E-17,1.,7.47939721852737E-17));
#3202=CARTESIAN_POINT('',(-65.,9.99999999999999,77.));
#3203=CARTESIAN_POINT('',(-65.,10.,77.));
#3204=VECTOR('',#3205,1.);
#3205=DIRECTION('',(7.47939721852737E-17,1.,7.47939721852737E-17));
#3206=AXIS2_PLACEMENT_3D('',#3207,#3208,#3209);
#3207=CARTESIAN_POINT('',(-73.,9.99999999999999,77.));
#3208=DIRECTION('',(0.,1.,6.12323399573677E-17));
#3209=DIRECTION('',(1.77635683940025E-15,-6.12323399573677E-17,1.));
#3210=CARTESIAN_POINT('',(-107.,9.99999999999999,85.));
#3211=CARTESIAN_POINT('',(-107.,9.99999999999999,85.));
#3212=VECTOR('',#3213,1.);
#3213=DIRECTION('',(1.,0.,0.));
#3214=CARTESIAN_POINT('',(-107.,9.99999999999999,85.));
#3215=VECTOR('',#3216,1.);
#3216=DIRECTION('',(0.,1.,7.47939721852737E-17));
#3217=CARTESIAN_POINT('',(-115.,9.99999999999999,77.));
#3218=CARTESIAN_POINT('',(-115.,9.99999999999999,77.));
#3219=VECTOR('',#3220,1.);
#3220=DIRECTION('',(0.,1.,7.47939721852737E-17));
#3221=AXIS2_PLACEMENT_3D('',#3222,#3223,#3224);
#3222=CARTESIAN_POINT('',(-107.,9.99999999999999,77.));
#3223=DIRECTION('',(0.,1.,6.12323399573677E-17));
#3224=DIRECTION('',(-1.,0.,0.));
#3225=CARTESIAN_POINT('',(-115.,10.,12.9999999999866));
#3226=CARTESIAN_POINT('',(-115.,10.,12.9999999999866));
#3227=VECTOR('',#3228,1.);
#3228=DIRECTION('',(2.22044604924985E-16,-8.32667268468693E-17,1.));
#3229=CARTESIAN_POINT('',(-115.,10.,12.9999999999866));
#3230=VECTOR('',#3231,1.);
#3231=DIRECTION('',(0.,1.,8.41432187084329E-17));
#3232=CARTESIAN_POINT('',(-107.,10.,4.99999999998662));
#3233=CARTESIAN_POINT('',(-107.,10.,4.99999999998662));
#3234=VECTOR('',#3235,1.);
#3235=DIRECTION('',(0.,1.,6.54447256621145E-17));
#3236=AXIS2_PLACEMENT_3D('',#3237,#3238,#3239);
#3237=CARTESIAN_POINT('',(-107.,10.,12.9999999999866));
#3238=DIRECTION('',(0.,1.,6.12323399573677E-17));
#3239=DIRECTION('',(0.,6.12323399573677E-17,-1.));
#3240=CARTESIAN_POINT('',(-90.,10.,4.99999999998662));
#3241=CARTESIAN_POINT('',(-90.,20.,4.99999999998662));
#3242=AXIS2_PLACEMENT_3D('',#3243,#3244,#3245);
#3243=CARTESIAN_POINT('',(-90.,15.,4.99999999998662));
#3244=DIRECTION('',(-1.24344978758018E-16,-6.07701024005349E-17,1.));
#3245=DIRECTION('',(-7.55645709211706E-33,1.,6.07701024005349E-17));
#3246=AXIS2_PLACEMENT_3D('',#3247,#3248,#3249);
#3247=CARTESIAN_POINT('',(-90.,15.,4.99999999998662));
#3248=DIRECTION('',(-1.24344978758018E-16,-6.07701024005349E-17,1.));
#3249=DIRECTION('',(7.55645709211706E-33,-1.,-6.07701024005349E-17));
#3250=CARTESIAN_POINT('',(-73.,10.,4.99999999998662));
#3251=CARTESIAN_POINT('',(-73.,10.,4.99999999998662));
#3252=VECTOR('',#3253,1.);
#3253=DIRECTION('',(-1.,0.,-1.0449157878825E-16));
#3254=CARTESIAN_POINT('',(-73.,10.,4.99999999998662));
#3255=VECTOR('',#3256,1.);
#3256=DIRECTION('',(0.,1.,5.14208558773757E-17));
#3257=CARTESIAN_POINT('',(-90.,10.,4.99999999998662));
#3258=VECTOR('',#3259,1.);
#3259=DIRECTION('',(-1.,0.,-1.0449157878825E-16));
#3260=CARTESIAN_POINT('',(-65.,10.,12.9999999999866));
#3261=CARTESIAN_POINT('',(-65.,10.,12.9999999999866));
#3262=VECTOR('',#3263,1.);
#3263=DIRECTION('',(0.,1.,1.86984930463184E-17));
#3264=AXIS2_PLACEMENT_3D('',#3265,#3266,#3267);
#3265=CARTESIAN_POINT('',(-73.,10.,12.9999999999866));
#3266=DIRECTION('',(0.,1.,6.12323399573677E-17));
#3267=DIRECTION('',(1.,8.15778644068135E-32,-1.33226762955019E-15));
#3268=CARTESIAN_POINT('',(-65.,10.,44.9999999999933));
#3269=AXIS2_PLACEMENT_3D('',#3270,#3271,#3272);
#3270=CARTESIAN_POINT('',(-65.,15.,44.9999999999933));
#3271=DIRECTION('',(1.,-1.32860784037201E-32,1.77635683939995E-16));
#3272=DIRECTION('',(-2.87475665249548E-31,-1.,1.54355015143494E-15));
#3273=CARTESIAN_POINT('',(-65.,9.99999999999999,77.));
#3274=VECTOR('',#3275,1.);
#3275=DIRECTION('',(4.4408920984997E-16,5.55111512312462E-17,-1.));
#3276=CARTESIAN_POINT('',(-65.,10.,44.9999999999933));
#3277=VECTOR('',#3278,1.);
#3278=DIRECTION('',(0.,1.11022302462493E-16,-1.));
#3279=AXIS2_PLACEMENT_3D('',#3280,#3281,#3282);
#3280=CARTESIAN_POINT('',(116.,211.,-111.));
#3281=DIRECTION('',(1.,0.,0.));
#3282=DIRECTION('',(0.,-0.899996347424834,-0.435897435897434));
#3283=CARTESIAN_POINT('',(116.,216.,-111.));
#3284=AXIS2_PLACEMENT_3D('',#3285,#3286,#3287);
#3285=CARTESIAN_POINT('',(116.,211.,-111.));
#3286=DIRECTION('',(1.,0.,0.));
#3287=DIRECTION('',(0.,1.,6.12323399573677E-17));
#3288=AXIS2_PLACEMENT_3D('',#3289,#3290,#3291);
#3289=CARTESIAN_POINT('',(-116.,211.,-111.));
#3290=DIRECTION('',(1.,0.,0.));
#3291=DIRECTION('',(0.,-0.899996347424834,-0.435897435897434));
#3292=CARTESIAN_POINT('',(-116.,216.,-111.));
#3293=AXIS2_PLACEMENT_3D('',#3294,#3295,#3296);
#3294=CARTESIAN_POINT('',(-116.,211.,-111.));
#3295=DIRECTION('',(1.,0.,0.));
#3296=DIRECTION('',(0.,1.,6.12323399573676E-17));
#3297=AXIS2_PLACEMENT_3D('',#3298,#3299,#3300);
#3298=CARTESIAN_POINT('',(13.,10.,12.9999999999866));
#3299=DIRECTION('',(0.,1.,6.12323399573677E-17));
#3300=DIRECTION('',(4.44089209850063E-16,6.12323399573677E-17,-1.));
ENDSEC;
END-ISO-10303-21;
